applicant_id,name,mobile,state,district,occupation,years_in_occupation,applicant_type,monthly_income_estimate,income_seasonality,upi_transactions_per_month,upi_avg_ticket_size,upi_merchant_diversity,upi_consistency_score,upi_inflow_outflow_ratio,utility_electric_on_time_pct,utility_water_streak_months,utility_mobile_recharge_amt,bank_avg_monthly_balance,bank_income_credit_regularity,bank_zero_balance_months_past_12,mgnrega_days_worked,mgnrega_wage_regularity,mobile_sim_age_months,mobile_sim_changes_2yr,mobile_data_usage_trend,trade_regular_suppliers,trade_regular_customers,trade_monthly_purchase_value,trade_tenure_years,asset_ownership_status,asset_years_at_address,asset_vehicle,social_shg_member,social_shg_tenure_years,social_mfi_repaid_count,repayment_probability
9de39b9a,Leela Khatri,3339155619,Uttar Pradesh,Kharagpur,Construction Worker,4,Proprietorship,26464.82,Irregular,53,1024.73,15,0.74,1.35,89.93,8,199,10399.15,0.69,1,0,0.4,41,0,0.05,3,53,14941.09,4,Own House,3,Two-Wheeler,1,4,1,1
989146f4,Chandran Kale,05285222155,Tamil Nadu,Shivpuri,Small Trader,2,Proprietorship,41135.43,Seasonal,39,1241.55,11,0.96,0.91,100.0,10,299,6441.18,1.0,1,30,0.67,33,0,0.75,0,10,26329.67,2,Rented,7,None,0,0,0,1
0f5dea27,Jalsa Hora,+912349036865,West Bengal,Phagwara,Farmer,2,Proprietorship,45930.67,Irregular,57,1903.69,17,0.72,1.35,83.63,8,699,7913.89,0.69,0,0,0.69,55,0,0.76,5,33,31662.67,2,Own House,6,None,0,0,0,1
56629aba,Ubika Bahri,+916621232528,Tamil Nadu,Thane,Farmer,6,Partnership,32712.91,Seasonal,26,2293.05,7,0.88,1.29,97.11,9,699,12851.86,0.86,1,50,0.8,42,1,0.42,11,49,21686.29,6,Rented,4,None,1,2,0,1
458cec69,Vansha Ben,09156590218,Tamil Nadu,Ramagundam,Transport Worker,5,Individual,32401.12,Stable,59,1926.52,17,0.85,1.26,100.0,10,299,4019.45,0.87,2,0,0.82,55,0,0.79,11,31,16701.94,5,Own House,7,Two-Wheeler,1,3,0,1
8d3e79b1,Diya Goel,+910840002134,Uttar Pradesh,Eluru,Daily Wage Worker,5,Proprietorship,32319.0,Stable,57,1749.05,17,0.91,1.0,80.3,8,199,4926.49,0.95,2,0,0.32,45,0,0.14,1,44,23772.4,5,Own House,3,None,0,0,0,1
2a91c7f6,Ayushman Ramachandran,03529542248,Tamil Nadu,Haldia,Transport Worker,6,Proprietorship,19212.73,Seasonal,47,2822.02,14,0.76,0.88,80.05,8,699,8173.5,0.84,0,0,0.33,18,1,-0.01,0,65,13851.62,6,Own House,10,Two-Wheeler,1,2,0,1
73d8a46f,Ganga Rout,00793294534,Rajasthan,Kozhikode,Daily Wage Worker,3,Partnership,23174.86,Seasonal,18,1543.49,5,0.87,1.01,99.2,9,299,13674.19,0.91,0,30,0.68,34,0,-0.08,0,55,11032.43,3,Family,4,None,1,3,0,1
682684e6,Udyati Jayaraman,+918282967654,Tamil Nadu,Dharmavaram,Transport Worker,1,Partnership,7901.79,Stable,8,729.26,2,0.61,1.42,68.84,6,299,2507.95,0.53,5,0,0.54,11,3,-0.18,2,10,4995.25,1,Rented,3,None,0,0,0,0
fd24fb97,Warinder Korpal,+914307299722,Uttar Pradesh,Kurnool,Transport Worker,2,Partnership,34974.14,Seasonal,87,1729.48,26,0.66,1.14,100.0,10,199,2534.79,0.64,1,30,0.51,40,0,0.4,1,37,26166.26,2,Own House,3,Two-Wheeler,1,1,0,1
4765f74a,Jairaj Lall,07368945696,West Bengal,Bathinda,Tailor,5,Individual,43345.11,Stable,29,2868.49,8,0.99,1.15,81.01,8,199,8543.38,0.98,1,0,0.87,41,0,0.33,3,62,29121.33,5,Own House,6,Goods Vehicle,1,2,0,1
0b2786d9,Samuel Agate,+913605678429,Rajasthan,Panipat,Farmer,4,Partnership,44478.08,Stable,22,584.17,6,0.84,1.38,85.94,8,299,11634.56,0.75,0,0,0.45,25,0,0.51,9,68,27620.9,4,Own House,9,None,1,1,1,1
8404f499,Kamya Kibe,+915658840971,Maharashtra,Panipat,Tailor,6,Proprietorship,49205.78,Seasonal,35,1692.25,10,0.87,1.15,80.39,8,199,9968.61,0.94,1,50,0.51,41,1,0.73,4,87,24053.28,6,Rented,9,None,1,3,0,1
00733163,Aashi Soman,5821999982,Uttar Pradesh,Hazaribagh,Food Stall Owner,2,Partnership,20099.57,Stable,3,180.08,1,0.46,1.44,58.0,5,499,100.21,0.55,5,0,0.48,1,0,0.33,2,18,9095.65,2,Rented,4,Auto,0,0,0,0
4c2fd6eb,Adweta Koshy,8974287435,Rajasthan,Bangalore,Small Trader,4,Partnership,45614.57,Irregular,41,2076.0,12,0.77,1.16,87.4,8,499,14009.93,0.71,1,30,0.49,45,0,-0.04,2,67,21296.45,4,Own House,3,Two-Wheeler,1,3,1,1
7fc9f360,Chaitanya Narasimhan,5585515006,Rajasthan,Madanapalle,Small Trader,2,Proprietorship,32295.17,Irregular,43,2849.83,12,0.97,1.25,96.54,9,199,12659.65,1.0,1,0,0.63,31,0,0.55,4,22,15555.5,2,Own House,4,Two-Wheeler,1,3,1,1
ffebdab8,Janani Solanki,0927730111,West Bengal,Indore,Construction Worker,3,Proprietorship,42942.05,Seasonal,22,1429.83,6,0.47,0.99,79.63,7,699,2307.71,0.53,0,0,0.39,51,0,0.5,7,29,31900.43,3,Family,4,Two-Wheeler,1,3,0,1
a3c8a031,Triveni Ratti,+913523990469,West Bengal,Thiruvananthapuram,Small Trader,1,Individual,8395.85,Stable,19,809.08,5,0.72,0.9,70.89,7,699,2063.95,0.7,3,0,0.55,14,0,0.64,1,7,5309.89,1,Rented,1,None,1,3,0,0
eda4bc97,Inaya Pillay,+910616499007,Rajasthan,Bihar Sharif,Artisan,4,Proprietorship,31547.77,Seasonal,56,2373.04,16,0.86,1.27,79.99,7,499,5632.42,0.83,0,0,0.4,14,0,0.15,8,65,21034.86,4,Family,1,None,1,3,1,1
2cca4650,Balhaar Chahal,+916277967948,Rajasthan,Haldia,Street Vendor,1,Partnership,8720.68,Stable,9,941.08,2,0.23,1.36,28.07,2,699,1937.37,0.29,8,0,0.6,11,2,0.11,1,9,4746.66,1,Rented,1,None,0,0,0,0
a2abb1d4,Dayita Gade,1520882441,Uttar Pradesh,Chinsurah,Tailor,6,Individual,28917.22,Stable,54,1340.78,16,0.78,1.11,74.16,7,299,8725.6,0.73,0,30,0.55,11,0,0.53,12,104,14458.14,6,Family,12,Two-Wheeler,0,0,1,1
92566e7f,Ekavir Balay,+916831226180,Uttar Pradesh,Lucknow,Street Vendor,6,Partnership,43107.65,Stable,66,1579.51,19,0.77,1.19,100.0,10,499,14173.52,0.68,0,0,0.88,42,0,0.55,14,32,25310.39,6,Rented,11,None,1,3,0,1
7487f9fe,Harshil Gaba,+914413184283,West Bengal,Agra,Small Trader,6,Individual,33592.04,Stable,62,747.18,18,0.84,1.31,92.55,9,299,3410.36,0.81,3,100,0.61,18,0,-0.04,0,70,14099.92,6,Own House,2,Two-Wheeler,0,0,1,1
e4538d95,Pranav Sachdev,+919084637796,West Bengal,Surat,Daily Wage Worker,7,Individual,17724.98,Stable,41,2634.86,12,0.83,1.08,90.08,9,299,11772.2,0.82,0,30,0.72,25,0,-0.01,9,122,11731.99,7,Own House,4,Two-Wheeler,1,4,0,1
325b5fb9,Laban Narain,01203479550,Maharashtra,Vijayawada,Farmer,3,Partnership,42029.07,Seasonal,32,1586.64,9,0.65,0.95,84.73,8,699,11714.65,0.65,1,100,0.79,34,0,0.78,5,27,33567.32,3,Family,5,Two-Wheeler,0,0,2,1
cdf811cf,Jatin Gade,+913782677270,Uttar Pradesh,Kolkata,Food Stall Owner,2,Partnership,23336.4,Stable,41,2305.67,12,0.74,0.81,92.35,9,499,6560.57,0.79,1,100,0.32,43,0,-0.02,3,22,17667.26,2,Own House,3,Two-Wheeler,1,2,0,1
a7c3fe21,Reyansh Saha,1406906567,West Bengal,Khammam,Domestic Worker,3,Proprietorship,30851.89,Irregular,42,1637.18,12,0.61,1.32,95.9,9,699,9946.45,0.58,1,50,0.32,39,0,0.22,0,42,23212.63,3,Rented,5,None,0,0,2,1
bbb4dd71,Radha Kari,6642126105,Uttar Pradesh,Loni,Farmer,4,Proprietorship,21617.72,Stable,49,2083.17,14,0.9,0.86,92.19,9,199,2693.45,0.9,0,0,0.8,26,1,0.38,7,36,16385.1,4,Rented,1,Two-Wheeler,0,0,1,1
6c8074a1,Bakhshi Mukherjee,2014545756,Uttar Pradesh,Aligarh,Transport Worker,5,Partnership,38549.93,Stable,40,1805.32,12,0.97,1.04,73.86,7,299,12245.69,0.95,0,50,0.75,24,0,0.01,0,83,28089.78,5,Rented,4,Two-Wheeler,1,3,1,1
3d75730f,Henry Chacko,6421826235,Uttar Pradesh,Amroha,Artisan,9,Proprietorship,32336.12,Stable,53,1036.84,15,0.79,1.23,100.0,10,299,8795.82,0.8,1,50,0.63,43,0,0.33,2,139,21002.6,9,Family,10,None,0,0,0,1
553658b5,Lucky Lad,+919489292708,Rajasthan,Jalgaon,Food Stall Owner,5,Individual,47393.28,Irregular,43,2239.49,12,0.69,1.12,81.14,8,699,8747.31,0.71,0,0,0.62,47,1,0.05,0,38,21176.57,5,Rented,1,Two-Wheeler,1,5,2,1
ff2f2fbd,Sudiksha Nath,01344068078,Maharashtra,Khammam,Small Trader,5,Partnership,36376.98,Stable,73,1026.95,21,0.93,1.1,100.0,10,699,12690.92,0.98,1,30,0.55,43,1,0.09,4,47,15154.64,5,Family,4,Two-Wheeler,1,4,0,1
82e190ee,Laksh Joshi,2081499846,Rajasthan,Thiruvananthapuram,Domestic Worker,1,Proprietorship,29882.99,Irregular,49,593.93,14,0.85,1.01,85.13,8,499,1000.16,0.93,1,50,0.88,27,0,0.02,1,16,22094.59,1,Own House,1,Two-Wheeler,1,2,0,1
1dccd605,Lopa Khare,8117329868,Uttar Pradesh,Rourkela,Food Stall Owner,5,Individual,30271.75,Stable,32,2505.27,9,0.81,0.92,93.89,9,199,5517.61,0.85,0,0,0.68,30,0,0.38,13,28,15510.8,5,Own House,13,Goods Vehicle,1,2,1,1
80b8b6d1,Mitesh Ratti,7443417638,Uttar Pradesh,Bhavnagar,Street Vendor,1,Partnership,9281.05,Irregular,0,593.64,1,0.34,1.13,60.94,6,299,203.78,0.27,3,0,0.77,12,1,0.4,1,10,7228.41,1,Own House,7,None,0,0,0,0
462f1c22,Vasatika Hora,+915766703625,West Bengal,Rajpur Sonarpur,Tailor,2,Proprietorship,13640.5,Seasonal,6,827.53,1,0.21,1.35,49.73,4,499,2263.13,0.14,4,100,0.85,1,1,0.48,4,13,6824.24,2,Family,2,None,0,0,0,0
252d0d63,Zaid Prabhakar,0195964805,West Bengal,Serampore,Construction Worker,6,Proprietorship,40910.96,Stable,42,1857.1,12,0.48,0.91,94.14,9,699,8287.29,0.48,0,30,0.45,44,0,0.44,15,67,31272.59,6,Rented,11,Two-Wheeler,1,3,2,1
0414199d,Libni Jain,07984330641,Rajasthan,Jamshedpur,Farmer,8,Partnership,49518.63,Stable,67,2678.67,20,0.72,0.82,81.53,8,499,11550.32,0.65,2,0,0.6,23,1,0.73,10,157,29954.51,8,Rented,14,None,1,3,0,1
887005a3,Nicholas Mahal,+912514318659,Tamil Nadu,Baranagar,Farmer,5,Proprietorship,38985.43,Seasonal,27,1355.96,8,0.79,1.1,100.0,10,699,11407.93,0.79,0,0,0.75,38,1,0.68,4,39,29314.18,5,Own House,7,Two-Wheeler,1,1,0,1
83e77ba5,Udarsh Grewal,2330992765,Uttar Pradesh,Panihati,Farmer,5,Proprietorship,38714.75,Stable,37,541.47,11,0.57,0.9,90.69,9,699,10032.42,0.61,1,0,0.85,43,0,0.68,3,74,28141.32,5,Rented,11,None,0,0,0,1
66814268,Samar Tella,06324357813,Uttar Pradesh,Chittoor,Domestic Worker,3,Individual,15307.2,Stable,59,1455.33,17,0.42,1.37,91.41,9,499,9883.79,0.5,0,50,0.68,28,0,0.02,5,56,12230.57,3,Rented,2,Two-Wheeler,1,1,1,1
133a7a68,Arin Dhaliwal,04463957137,Rajasthan,Udupi,Food Stall Owner,6,Individual,35954.23,Irregular,49,1755.38,14,0.75,1.17,86.83,8,499,9930.28,0.75,1,100,0.54,42,1,0.71,14,49,21092.3,6,Own House,11,None,1,2,2,1
2e12aaef,Tanish Kunda,+911725925210,Tamil Nadu,Bhalswa Jahangir Pur,Small Trader,10,Proprietorship,23464.83,Seasonal,48,1347.57,14,0.92,0.91,100.0,10,299,13559.54,0.95,0,30,0.52,40,0,0.74,29,92,12252.06,10,Rented,12,None,1,1,1,1
e924c36e,Eta Pandit,04725232836,Rajasthan,Nagaon,Artisan,6,Partnership,25334.74,Seasonal,36,2794.38,10,0.88,1.22,81.77,8,299,12420.48,0.82,0,0,0.4,8,0,0.16,16,99,15774.8,6,Rented,14,None,1,2,1,1
3ee63da4,Noah Ramachandran,07717454809,Uttar Pradesh,Naihati,Daily Wage Worker,2,Partnership,22489.81,Stable,34,2529.67,10,0.57,1.28,100.0,10,199,14058.54,0.47,1,100,0.73,47,1,0.09,5,11,11074.71,2,Rented,6,Two-Wheeler,0,0,0,1
c97f4644,Imaran Sunder,9476339555,West Bengal,Hyderabad,Street Vendor,2,Proprietorship,26103.93,Seasonal,48,1204.82,14,0.7,1.16,90.45,9,299,3219.51,0.73,0,0,0.77,32,0,0.42,0,14,15004.89,2,Rented,8,Two-Wheeler,1,2,1,1
c1bc0b37,Wishi Dada,4293016939,West Bengal,Tenali,Small Trader,6,Proprietorship,36235.07,Seasonal,57,916.97,17,0.9,1.23,98.82,9,199,2205.9,0.93,0,0,0.83,49,0,0.27,9,47,21190.84,6,Own House,6,None,0,0,0,1
779fe7ca,Vaishnavi Kothari,01786241409,Tamil Nadu,Gopalpur,Transport Worker,9,Partnership,18185.07,Stable,50,1627.28,15,1.0,1.34,87.37,8,699,8330.43,0.99,1,0,0.67,43,1,0.15,5,123,9758.57,9,Family,10,None,0,0,1,1
cb3a0009,Laban Murthy,+914618658761,West Bengal,Farrukhabad,Daily Wage Worker,5,Partnership,47662.88,Stable,38,2845.9,11,0.81,0.92,98.48,9,699,5986.96,0.81,0,50,0.38,31,0,0.12,8,30,37050.4,5,Own House,9,Two-Wheeler,1,2,0,1
86c7cb31,Libni Upadhyay,2946995030,Maharashtra,Ratlam,Farmer,5,Individual,15820.15,Irregular,60,1253.64,18,0.77,0.95,92.13,9,299,9484.19,0.84,0,0,0.87,37,0,0.64,10,30,6999.66,5,Rented,4,Two-Wheeler,0,0,0,1
b3df24b5,Lekha Gole,+912509262892,Maharashtra,Kurnool,Artisan,1,Individual,23494.95,Stable,10,866.65,3,0.1,1.2,53.48,5,299,364.87,0.08,2,50,0.32,7,2,0.2,2,12,14567.23,1,Family,3,Auto,0,0,0,0
cd246246,Barkha Keer,7619009799,Rajasthan,Morena,Farmer,3,Individual,18182.74,Stable,41,2808.06,12,0.69,0.85,93.83,9,299,5994.12,0.72,2,0,0.83,18,0,0.22,6,56,10240.81,3,Family,5,None,1,1,1,1
098fd34e,Vrinda Kakar,3828774539,Uttar Pradesh,Howrah,Food Stall Owner,6,Individual,46368.99,Stable,42,2214.28,12,0.74,0.89,98.16,9,499,3496.64,0.75,0,0,0.79,26,0,0.19,14,57,19898.7,6,Rented,7,Two-Wheeler,0,0,0,1
9bb52627,Nathan Dhillon,9619544803,West Bengal,Dewas,Artisan,7,Partnership,34933.24,Stable,57,2345.88,17,0.65,1.36,92.24,9,499,7466.95,0.66,1,50,0.59,57,0,-0.18,1,69,20082.03,7,Family,10,Auto,0,0,0,1
ac283a28,Hemang Nadkarni,+912305707755,West Bengal,Parbhani,Tailor,6,Individual,48843.9,Seasonal,61,848.63,18,0.83,1.08,100.0,10,499,9163.48,0.88,1,30,0.87,53,0,0.05,6,110,38423.0,6,Own House,5,None,1,1,0,1
17b2192c,Zansi Rao,04333552538,West Bengal,Adoni,Small Trader,3,Proprietorship,17243.31,Seasonal,67,1027.42,20,0.89,1.0,88.61,8,199,4046.23,0.85,2,30,0.55,17,0,0.5,1,31,9593.61,3,Own House,5,Two-Wheeler,0,0,2,1
ff938b2c,Keya Handa,6475747072,Maharashtra,Ambarnath,Artisan,5,Partnership,40768.01,Stable,23,1591.05,6,0.7,0.8,92.75,9,499,11472.07,0.65,1,100,0.49,43,1,0.76,13,88,22928.12,5,Rented,3,None,0,0,1,1
44fb4e60,Ranbir Uppal,00504464339,West Bengal,Bahraich,Artisan,4,Proprietorship,27608.19,Seasonal,55,1283.37,16,0.73,1.07,92.63,9,499,7073.44,0.8,1,0,0.38,45,0,0.05,10,30,14118.16,4,Family,11,Two-Wheeler,1,3,0,1
3a9d736d,Sanaya Roy,09095328363,Tamil Nadu,Berhampore,Transport Worker,2,Partnership,24005.68,Seasonal,17,998.88,5,0.11,1.38,26.89,2,499,2575.07,0.03,6,0,0.83,15,2,0.55,5,21,13597.31,2,Rented,1,None,1,1,0,0
833f0877,Pratyush Johal,04483034775,Maharashtra,Bhimavaram,Small Trader,1,Individual,6616.94,Seasonal,15,887.44,4,0.34,1.14,76.32,7,499,2107.19,0.43,7,0,0.85,13,2,-0.11,2,7,3677.39,1,Family,1,Two-Wheeler,1,1,0,0
06731d8d,Vrinda Muni,7873288844,Tamil Nadu,Bhiwani,Construction Worker,5,Individual,30204.81,Seasonal,58,1366.08,17,0.74,1.46,81.89,8,299,8967.5,0.78,0,0,0.54,34,1,0.22,9,46,23792.32,5,Rented,2,Two-Wheeler,0,0,0,1
b56c959c,Lohit Dutta,+914961345624,Tamil Nadu,Nashik,Domestic Worker,3,Partnership,29446.64,Irregular,40,2505.89,12,0.74,1.49,89.84,8,299,6900.22,0.79,1,30,0.68,46,0,0.33,5,35,14351.62,3,Rented,1,Two-Wheeler,0,0,0,1
ac9dac8a,Ubika Goswami,09178757528,Uttar Pradesh,Panchkula,Daily Wage Worker,6,Individual,44012.04,Seasonal,46,1075.02,13,0.73,1.02,79.58,7,299,11146.73,0.73,2,100,0.67,30,1,0.03,0,108,17979.26,6,Own House,8,None,1,3,0,1
7d84a39b,Lipika Rege,06784142156,Maharashtra,Howrah,Small Trader,3,Proprietorship,32520.33,Irregular,46,1138.08,13,0.97,1.04,94.75,9,499,4262.62,0.97,2,50,0.51,39,0,0.63,2,47,14231.68,3,Own House,4,Two-Wheeler,0,0,2,1
a26bc793,Tanish Sarin,07646125721,Tamil Nadu,Karimnagar,Artisan,6,Proprietorship,31569.03,Stable,47,1955.52,14,0.73,1.23,100.0,10,199,10024.28,0.76,1,0,0.49,39,0,0.08,17,77,24073.54,6,Rented,5,Two-Wheeler,0,0,2,1
9d73801a,Upkaar Rajagopalan,1154010473,Maharashtra,Bally,Transport Worker,5,Proprietorship,24905.59,Stable,48,1594.91,14,0.71,1.11,87.94,8,299,10424.86,0.77,0,0,0.73,28,1,0.52,4,87,13118.72,5,Family,5,None,0,0,1,1
f4e7c5ba,Nicholas Pai,4310490406,Rajasthan,Gorakhpur,Construction Worker,4,Partnership,21693.47,Seasonal,24,602.71,7,1.0,1.25,77.24,7,499,10605.28,1.0,0,0,0.75,36,1,0.42,6,64,14990.74,4,Rented,7,Two-Wheeler,0,0,0,1
19751038,Jagdish Ganguly,+917355675374,Tamil Nadu,Naihati,Domestic Worker,3,Partnership,41259.51,Seasonal,42,1236.51,12,0.5,1.08,94.4,9,299,1022.42,0.43,0,50,0.79,31,1,-0.08,5,30,28840.61,3,Own House,9,None,0,0,1,1
d85ba5f0,Ethan Taneja,08172676980,West Bengal,Bikaner,Domestic Worker,8,Partnership,29382.65,Stable,53,2073.05,15,0.96,1.14,100.0,10,699,1727.53,0.93,0,100,0.75,25,0,-0.1,11,159,20808.06,8,Own House,10,None,0,0,2,1
49687127,Siya Dalal,08726886602,Tamil Nadu,Faridabad,Daily Wage Worker,3,Partnership,34668.18,Seasonal,36,2212.52,10,0.76,1.28,80.71,8,299,2074.13,0.67,2,0,0.89,11,0,0.19,2,33,15176.31,3,Own House,8,None,1,2,0,1
fc9524f3,Yauvani Khare,+915897611608,West Bengal,Haldia,Domestic Worker,2,Individual,18393.8,Irregular,36,947.58,10,0.89,1.04,100.0,10,499,8657.0,0.96,1,100,0.71,33,0,0.76,4,24,11998.04,2,Own House,6,Auto,1,4,0,1
edc5f36f,Yachana Varghese,+914074985785,Rajasthan,Machilipatnam,Food Stall Owner,2,Proprietorship,17791.08,Stable,14,697.39,4,0.29,1.01,47.45,4,699,2353.32,0.34,4,30,0.61,23,1,-0.07,1,29,9856.55,2,Own House,6,Two-Wheeler,0,0,0,0
a7b74768,Omya Mannan,07776116654,Rajasthan,Hubli–Dharwad,Farmer,1,Individual,17360.75,Irregular,0,746.6,1,0.56,1.13,44.59,4,499,1680.01,0.65,9,100,0.74,7,1,0.79,0,18,12267.96,1,Own House,2,Two-Wheeler,0,0,0,0
22114bba,Arin Sabharwal,02021218046,Rajasthan,Howrah,Small Trader,3,Individual,31081.92,Seasonal,43,1886.49,12,0.99,1.09,89.32,8,499,3884.33,0.98,2,30,0.54,51,0,-0.04,6,56,17099.75,3,Rented,1,None,1,3,1,1
e6c0c2f7,Yashodhara Misra,02889636553,Rajasthan,Ratlam,Food Stall Owner,3,Individual,24615.61,Irregular,49,2392.5,14,0.76,1.09,89.98,8,199,7666.95,0.79,0,0,0.78,46,0,0.7,5,59,15833.63,3,Rented,12,Two-Wheeler,1,3,0,1
95facbaa,Ishwar Sehgal,05520264980,Maharashtra,Hosur,Street Vendor,1,Partnership,28970.84,Stable,47,1996.49,14,0.66,1.04,94.27,9,499,14678.44,0.74,0,100,0.49,48,0,-0.14,2,15,15428.16,1,Rented,1,None,1,4,1,1
2529be3b,Zashil Loke,6743331232,Tamil Nadu,Chandigarh,Daily Wage Worker,7,Partnership,39360.72,Seasonal,36,884.74,10,0.72,1.41,96.33,9,499,4133.45,0.67,3,100,0.83,25,0,0.76,18,119,26060.61,7,Rented,6,None,0,0,1,1
8cb320d7,Dominic De,+913742260486,Maharashtra,Malegaon,Farmer,5,Partnership,27243.12,Stable,29,807.3,8,0.77,1.3,100.0,10,499,11882.66,0.84,2,50,0.57,45,0,0.34,12,61,14964.18,5,Rented,8,Two-Wheeler,1,5,3,1
7a9f0179,Warjas Mann,+914768638915,Uttar Pradesh,Rajahmundry,Street Vendor,2,Proprietorship,15477.39,Stable,44,1258.05,13,0.95,0.9,96.69,9,499,5140.54,0.93,0,0,0.31,18,0,0.43,1,39,7390.25,2,Rented,1,None,0,0,0,1
959e9f19,Fitan Mukherjee,05276237768,Maharashtra,Ghaziabad,Street Vendor,2,Proprietorship,48529.28,Seasonal,32,2050.0,9,0.8,1.34,99.09,9,199,7085.49,0.72,0,50,0.58,29,0,0.74,5,16,26365.36,2,Rented,6,None,0,0,0,1
f9fa78ed,Netra Rege,8397980924,Uttar Pradesh,Loni,Artisan,5,Proprietorship,30831.14,Stable,51,2328.97,15,1.0,1.15,83.49,8,299,13204.97,0.9,0,30,0.44,29,0,0.8,14,73,14793.3,5,Family,10,None,0,0,0,1
05ba3246,Yash Panchal,+917529190447,West Bengal,Bally,Food Stall Owner,4,Proprietorship,32119.69,Stable,54,769.48,16,0.97,1.2,100.0,10,299,8418.53,0.93,0,100,0.47,19,0,0.76,8,59,23344.05,4,Family,1,None,0,0,2,1
78869067,Tanmayi Patel,8973667522,West Bengal,Bhiwani,Small Trader,6,Partnership,40004.85,Stable,39,1784.64,11,0.84,1.44,66.91,6,499,14060.95,0.76,1,100,0.82,46,0,0.07,14,47,21528.08,6,Own House,13,Two-Wheeler,0,0,1,1
9fe245f3,Ansh Dugal,+918215154693,Tamil Nadu,Khammam,Farmer,3,Partnership,31229.44,Irregular,36,1383.38,10,0.69,0.91,91.5,9,299,14641.53,0.6,0,0,0.55,42,1,0.38,8,18,23442.84,3,Own House,1,None,1,3,1,1
f76c8cb6,Nisha Bora,02246644805,West Bengal,South Dumdum,Daily Wage Worker,6,Individual,43886.24,Irregular,51,2023.26,15,0.95,1.27,100.0,10,199,12133.03,1.0,0,30,0.87,41,0,-0.1,4,74,32414.99,6,Family,14,Two-Wheeler,0,0,0,1
90a5894f,Harrison Mohan,9313107064,West Bengal,Salem,Domestic Worker,6,Individual,48260.95,Seasonal,49,2949.12,14,0.59,1.12,95.12,9,699,9201.34,0.65,0,0,0.86,44,0,0.51,11,34,36753.86,6,Family,4,Two-Wheeler,0,0,2,1
b51a1ba8,Theodore Bansal,+913592420213,Tamil Nadu,Thanjavur,Transport Worker,1,Individual,38794.57,Irregular,50,2349.77,15,0.71,0.84,76.58,7,199,8480.58,0.79,0,50,0.51,28,0,0.76,2,12,23168.51,1,Family,6,None,1,5,0,1
7d1810b7,Qabil Ganesh,07948146810,Tamil Nadu,Loni,Domestic Worker,7,Partnership,41501.62,Stable,56,1844.21,16,0.55,1.25,96.49,9,499,3058.21,0.59,0,30,0.61,45,1,0.12,20,132,31054.36,7,Rented,8,Two-Wheeler,1,4,0,1
08e92e51,Harinakshi Sahni,+914764125582,West Bengal,Moradabad,Artisan,5,Partnership,19575.11,Stable,62,1937.65,18,0.93,1.08,90.22,9,499,5370.66,0.94,0,0,0.52,24,0,0.55,13,88,9261.48,5,Own House,9,None,1,2,2,1
c96901da,Jairaj Parmer,00871720208,West Bengal,Mathura,Farmer,5,Partnership,36640.18,Irregular,53,2201.68,15,0.82,1.32,100.0,10,699,7002.7,0.87,0,30,0.6,23,0,0.5,12,56,19190.85,5,Rented,7,None,1,3,0,1
d1d11081,Gauri Chahal,+912831704639,West Bengal,Nashik,Tailor,4,Individual,34130.2,Seasonal,65,1582.04,19,0.59,0.98,87.33,8,199,1699.71,0.67,1,0,0.89,36,0,-0.01,9,74,26535.57,4,Rented,6,None,0,0,1,1
560355a8,Viraj Rau,08238294621,West Bengal,Moradabad,Construction Worker,4,Partnership,49678.05,Stable,63,1680.7,18,1.0,1.09,100.0,10,199,5504.32,1.0,0,100,0.72,43,1,0.35,7,25,29288.58,4,Rented,4,Two-Wheeler,1,2,1,1
b7ce5d39,Imaran Sarraf,2335229976,Tamil Nadu,Chennai,Food Stall Owner,2,Partnership,28153.74,Seasonal,46,747.87,13,0.66,1.3,100.0,10,299,11891.79,0.59,0,30,0.35,44,0,0.78,3,18,17858.58,2,Rented,5,Two-Wheeler,1,1,0,1
1f662a3c,Girish Bali,3338285648,Uttar Pradesh,Latur,Tailor,4,Proprietorship,29962.7,Seasonal,33,2589.84,9,0.58,1.34,88.55,8,699,7893.01,0.68,0,0,0.88,40,0,0.26,2,76,19221.0,4,Own House,4,None,1,3,1,1
38266a4c,Vaishnavi Sarma,+919347647327,Maharashtra,Serampore,Street Vendor,1,Proprietorship,26909.62,Seasonal,54,2052.08,16,0.8,1.3,99.92,9,199,12546.12,0.75,0,30,0.43,17,0,0.07,1,7,12205.57,1,Rented,1,None,1,1,0,1
e86c6de4,Widisha Merchant,08551637963,Uttar Pradesh,Unnao,Transport Worker,3,Partnership,44696.88,Irregular,46,2073.56,13,0.93,0.93,97.88,9,699,9849.71,1.0,0,30,0.62,36,0,0.52,5,57,18838.79,3,Rented,7,Two-Wheeler,1,4,0,1
21176d86,Barkha Narain,7890835737,West Bengal,Saharanpur,Street Vendor,7,Proprietorship,18998.3,Stable,42,1138.38,12,0.74,1.07,100.0,10,499,14736.54,0.65,2,0,0.81,18,0,0.06,8,39,11012.01,7,Family,14,None,1,4,0,1
01a53070,Pratyush Apte,01185762730,Rajasthan,Chandrapur,Transport Worker,3,Partnership,24510.12,Stable,40,2539.89,12,0.69,1.49,87.78,8,499,5791.16,0.6,1,0,0.34,21,0,-0.14,1,41,18909.69,3,Family,8,Two-Wheeler,0,0,1,1
7fdc7bc8,Niharika Dhaliwal,+913832752482,Maharashtra,Bettiah,Food Stall Owner,5,Proprietorship,49102.23,Irregular,42,1032.24,12,0.74,1.37,97.05,9,199,2678.43,0.79,2,50,0.37,33,0,0.52,2,88,33903.9,5,Rented,9,Two-Wheeler,0,0,2,1
9fd38402,Ansh Tak,04458582848,Tamil Nadu,Junagadh,Food Stall Owner,5,Individual,16801.76,Stable,81,1196.62,24,0.77,1.33,93.02,9,499,3028.53,0.72,1,100,0.68,45,0,0.43,8,31,12334.52,5,Own House,4,None,1,2,0,1
ee7ebfb7,Daksha Raja,+915989233877,Rajasthan,Ujjain,Farmer,4,Individual,24034.67,Irregular,25,2433.68,7,0.97,1.1,74.44,7,699,2028.95,0.99,0,50,0.72,20,1,-0.03,2,22,16693.54,4,Family,4,Two-Wheeler,1,2,1,1
00fd9107,Ekavir Ramaswamy,06596035670,Uttar Pradesh,Rewa,Farmer,8,Individual,28333.31,Seasonal,32,636.41,9,0.93,1.05,92.08,9,199,6365.02,0.84,0,0,0.8,39,1,0.43,18,111,16026.92,8,Rented,10,None,1,3,0,1
736270fd,Bishakha Chakraborty,08831413293,Rajasthan,Bhilwara,Artisan,4,Individual,45162.5,Seasonal,39,2865.29,11,0.59,1.26,82.22,8,199,10015.99,0.6,0,30,0.44,41,0,0.47,0,26,32515.48,4,Rented,7,None,0,0,0,1
f0827946,Raagini Sawhney,7661625703,Uttar Pradesh,Karaikudi,Street Vendor,3,Individual,44573.98,Seasonal,27,1690.81,8,0.66,1.29,100.0,10,199,5172.1,0.56,0,100,0.57,21,0,0.05,3,53,21502.59,3,Rented,4,Two-Wheeler,1,3,1,1
7036c00e,Triya Jain,00799883203,Tamil Nadu,Sonipat,Farmer,4,Proprietorship,40523.22,Stable,68,1436.2,20,0.92,1.06,85.47,8,499,5899.23,0.98,0,100,0.36,43,0,-0.15,6,45,25092.5,4,Own House,6,None,0,0,0,1
d7e59c92,Agastya Parikh,5191423619,Tamil Nadu,Darbhanga,Farmer,5,Individual,33030.85,Irregular,64,926.16,19,0.71,1.04,74.37,7,699,7045.3,0.75,0,100,0.43,54,0,0.3,3,25,21777.86,5,Own House,11,None,1,1,0,1
4711bb55,Ubika Narain,02026111912,Maharashtra,Ongole,Tailor,2,Individual,47209.53,Stable,44,1601.91,13,0.67,1.31,92.35,9,199,7359.19,0.65,1,30,0.57,42,0,0.49,3,31,23118.67,2,Rented,1,None,1,3,0,1
ee33f2ac,Mekhala Subramanian,2829463287,Rajasthan,Chennai,Artisan,5,Proprietorship,23742.03,Stable,62,1330.27,18,1.0,1.46,82.8,8,699,8172.2,1.0,0,100,0.56,52,0,0.7,14,58,16619.69,5,Own House,3,Two-Wheeler,0,0,2,1
6b306eb5,Falak Lall,+919571070266,West Bengal,Indore,Tailor,3,Individual,30751.82,Irregular,28,1105.73,8,0.56,0.81,90.41,9,699,1187.73,0.61,1,100,0.59,28,0,0.45,0,44,19909.77,3,Own House,8,Two-Wheeler,0,0,1,1
8504a93e,Samesh Nazareth,00635536887,Uttar Pradesh,Warangal,Street Vendor,3,Partnership,15289.29,Stable,55,1271.96,16,0.97,0.86,99.27,9,699,11966.71,1.0,0,30,0.61,24,0,0.79,5,17,9330.01,3,Family,5,Auto,0,0,0,1
7b48f47b,Arya Sangha,01286448111,Rajasthan,Chittoor,Street Vendor,5,Individual,15839.14,Stable,13,1282.56,3,0.83,1.48,100.0,10,299,7308.15,0.86,0,0,0.76,49,0,0.01,13,64,7061.13,5,Rented,3,Two-Wheeler,0,0,0,1
14f8bf78,Shivani Nigam,9124329663,Maharashtra,Saharanpur,Daily Wage Worker,4,Individual,28999.41,Seasonal,29,643.48,8,0.94,1.09,92.08,9,499,3124.4,0.89,2,0,0.72,56,0,0.46,0,42,22956.3,4,Own House,6,None,1,1,2,1
f749547e,Kritika Deep,6009904057,Uttar Pradesh,Jehanabad,Food Stall Owner,4,Proprietorship,33152.35,Irregular,49,2447.67,14,0.69,0.99,84.95,8,499,5715.47,0.69,3,100,0.75,34,0,0.4,8,21,17395.41,4,Own House,2,None,0,0,2,1
f6c9a656,Gabriel Pall,6356559999,Maharashtra,Jorhat,Construction Worker,3,Partnership,18746.02,Seasonal,46,1457.08,13,0.81,1.32,79.6,7,199,7128.71,0.81,2,0,0.46,26,0,0.71,5,47,9426.64,3,Rented,4,Goods Vehicle,1,4,2,1
35c91584,Balvan Sankar,05385218293,Rajasthan,Katni,Farmer,5,Individual,27257.64,Seasonal,57,2270.45,17,0.45,1.08,86.48,8,299,10871.18,0.36,0,50,0.76,16,0,0.62,11,76,13492.6,5,Rented,5,Two-Wheeler,1,1,0,1
43197fad,Bachittar Khosla,0628178929,Tamil Nadu,Yamunanagar,Construction Worker,6,Individual,34124.25,Seasonal,33,2630.12,9,0.62,1.45,97.01,9,699,2394.12,0.58,3,50,0.78,16,0,-0.04,9,47,23467.03,6,Rented,6,Two-Wheeler,0,0,2,1
46c8b953,Avi Pai,04921443280,Tamil Nadu,Mangalore,Small Trader,6,Individual,25742.59,Seasonal,60,642.74,18,0.99,1.15,77.9,7,299,2435.41,0.98,0,0,0.83,40,0,0.04,9,47,11346.08,6,Rented,7,None,1,4,1,1
0a0dcf5d,Ranbir Sahota,04463648333,West Bengal,Erode,Tailor,6,Proprietorship,31379.49,Stable,11,818.23,3,0.71,1.5,92.09,9,699,6294.73,0.78,0,100,0.86,36,0,0.39,11,106,16277.17,6,Family,10,None,1,2,1,1
d91cc1ab,Ekiya Pall,00544380844,Maharashtra,Mau,Tailor,6,Partnership,36086.44,Seasonal,34,1219.58,10,0.8,0.95,96.84,9,199,5533.47,0.87,0,30,0.37,51,0,0.8,3,83,20372.6,6,Rented,4,None,1,4,2,1
66d85061,Lohit Char,+917495673024,Rajasthan,Jehanabad,Tailor,3,Proprietorship,9645.31,Stable,21,907.73,6,0.41,1.27,78.3,7,299,1299.75,0.38,7,100,0.36,6,0,0.15,7,18,7493.81,3,Own House,6,None,0,0,0,0
4256d727,Kashish Kumar,01451222824,Maharashtra,Dhule,Construction Worker,2,Proprietorship,47850.24,Irregular,45,925.36,13,0.82,0.93,82.7,8,299,5330.54,0.81,0,0,0.33,27,0,-0.05,2,24,24183.65,2,Own House,5,Two-Wheeler,1,1,1,1
5d95c586,Pranav Cherian,7993293784,Uttar Pradesh,Muzaffarnagar,Street Vendor,5,Proprietorship,11935.2,Seasonal,10,431.05,3,0.34,0.98,79.8,7,499,929.52,0.43,4,30,0.76,19,3,0.13,8,29,5770.65,5,Family,4,Two-Wheeler,1,2,0,0
907b54d4,Chameli Palan,0991558474,Maharashtra,Patiala,Domestic Worker,5,Individual,15246.02,Irregular,47,643.2,14,0.73,1.35,86.54,8,299,6583.7,0.68,0,0,0.81,24,0,0.07,2,88,6381.99,5,Rented,10,Auto,1,5,1,1
0f08c91f,Aarnav Iyer,+911822244453,West Bengal,Nizamabad,Artisan,3,Proprietorship,48409.38,Seasonal,35,2796.3,10,0.78,1.32,86.27,8,299,6672.08,0.72,1,0,0.75,47,0,0.19,5,35,33738.82,3,Own House,4,Two-Wheeler,1,1,0,1
3b0cf800,Chaman Butala,06805874405,Uttar Pradesh,Kakinada,Street Vendor,5,Individual,40619.79,Stable,42,1996.65,12,0.76,0.93,87.66,8,699,1813.17,0.79,1,100,0.56,29,0,0.09,9,35,20994.66,5,Rented,4,Two-Wheeler,0,0,2,1
6703ae81,Henry Babu,1181821074,West Bengal,Nadiad,Domestic Worker,2,Partnership,17197.37,Stable,2,846.01,1,0.63,1.08,10.06,1,699,1672.93,0.58,7,100,0.87,4,2,0.52,4,39,12374.36,2,Rented,2,Two-Wheeler,1,2,0,0
da422d60,Ati Nagarajan,0137958797,Tamil Nadu,Ongole,Food Stall Owner,8,Proprietorship,45364.51,Stable,38,607.82,11,0.97,1.37,92.34,9,699,6574.17,0.99,1,50,0.4,37,0,0.11,7,119,29453.05,8,Rented,5,Goods Vehicle,1,2,0,1
03e99bad,Unnati Srinivas,4681297608,Maharashtra,Satna,Artisan,8,Partnership,22333.71,Stable,57,862.76,17,0.62,1.44,100.0,10,499,3399.58,0.68,1,30,0.32,42,0,0.68,7,55,13118.48,8,Own House,8,Two-Wheeler,0,0,0,1
488114a1,Bhavini Vyas,0801941234,Uttar Pradesh,Farrukhabad,Transport Worker,1,Proprietorship,15625.17,Stable,35,2779.59,10,0.94,1.03,100.0,10,299,4465.56,1.0,2,30,0.89,39,0,-0.05,1,15,8722.25,1,Family,1,None,0,0,0,1
8f860613,Advika Mistry,4181040988,Uttar Pradesh,Purnia,Transport Worker,4,Proprietorship,49159.41,Irregular,33,1925.97,9,0.75,1.31,91.05,9,699,9715.22,0.82,1,100,0.63,12,0,0.51,9,31,24810.81,4,Rented,4,None,1,1,1,1
f7cd4609,Aayush Purohit,6530516490,Maharashtra,Phusro,Construction Worker,6,Proprietorship,22663.95,Seasonal,18,1837.26,5,0.8,1.22,81.16,8,199,4722.53,0.74,0,30,0.86,35,0,-0.19,0,47,10582.27,6,Own House,11,None,1,3,0,1
04046abb,Vedhika Atwal,+911420364077,West Bengal,Gulbarga,Street Vendor,5,Individual,15044.38,Stable,52,2735.02,15,0.54,1.28,91.57,9,299,11741.91,0.47,0,50,0.51,48,0,0.57,12,36,8223.57,5,Own House,3,None,1,2,1,1
e9c8b3bb,Vedant Panchal,+910121982657,Rajasthan,Chandigarh,Street Vendor,3,Partnership,15671.73,Stable,6,1149.53,1,0.72,1.39,93.92,9,499,8494.34,0.65,0,50,0.82,12,1,0.04,5,51,10118.18,3,Own House,4,None,0,0,0,1
89cf28e8,Jagvi Toor,8435496700,Rajasthan,Vijayawada,Street Vendor,5,Partnership,23641.76,Irregular,38,2567.04,11,0.95,0.92,81.4,8,499,8104.25,0.88,1,30,0.39,44,0,0.62,3,83,16403.39,5,Own House,10,None,1,1,0,1
fdf90e41,Vinaya Master,00838620754,Tamil Nadu,Pune,Transport Worker,5,Partnership,49209.88,Seasonal,65,1204.2,19,0.4,0.96,79.67,7,199,2690.91,0.4,0,0,0.39,30,0,-0.1,1,32,31685.42,5,Rented,5,None,1,2,0,1
e59d5bc7,Tanveer Pal,9474324028,Rajasthan,Fatehpur,Transport Worker,4,Individual,45204.03,Stable,66,1241.97,19,0.82,1.21,69.39,6,299,6798.81,0.83,1,50,0.49,40,0,-0.03,2,36,24151.14,4,Own House,3,Two-Wheeler,1,3,1,1
d3b6430e,Riya Bath,+916944672903,Rajasthan,Nizamabad,Street Vendor,6,Proprietorship,28554.6,Stable,34,2120.58,10,1.0,1.08,91.73,9,699,14363.92,0.96,1,50,0.54,21,1,-0.04,13,48,12090.77,6,Rented,13,Two-Wheeler,0,0,0,1
a2b787b5,Anita Swaminathan,09068992296,Rajasthan,Berhampore,Daily Wage Worker,4,Individual,24318.17,Stable,30,2150.3,9,0.81,1.11,95.12,9,199,8325.62,0.73,1,100,0.81,46,0,0.6,0,42,10064.96,4,Family,8,Two-Wheeler,1,3,2,1
b74121a2,Tanveer Mittal,02435762838,West Bengal,Thoothukudi,Tailor,5,Partnership,25603.08,Irregular,28,2180.13,8,0.96,0.81,80.8,8,299,1247.99,0.96,2,50,0.81,40,0,0.69,7,79,13482.12,5,Own House,15,Auto,1,1,0,1
e783c0f9,Benjamin Rao,+918439664349,Rajasthan,Amroha,Transport Worker,2,Partnership,12990.13,Irregular,0,914.58,1,0.26,1.27,40.9,4,199,243.56,0.3,6,100,0.71,3,3,0.01,5,11,6315.71,2,Rented,1,Two-Wheeler,0,0,0,0
ef646846,Krishna Iyengar,1624193949,Maharashtra,Muzaffarnagar,Daily Wage Worker,2,Individual,23715.94,Irregular,22,556.51,6,0.25,1.2,65.65,6,699,1103.71,0.29,6,50,0.36,4,1,-0.08,4,20,11614.8,2,Rented,7,Goods Vehicle,1,1,0,0
8f2b48c5,Robert Dalal,+910049835640,Rajasthan,Madhyamgram,Domestic Worker,4,Individual,16506.83,Stable,36,2452.41,10,0.63,0.97,68.84,6,299,13510.32,0.63,1,100,0.84,1,0,0.02,10,53,12073.02,4,Rented,9,None,1,4,0,1
d948b7e4,Vasana Nayak,7492146172,Maharashtra,Kakinada,Food Stall Owner,3,Individual,12319.93,Stable,7,130.64,2,0.63,0.95,54.65,5,199,1014.43,0.57,7,100,0.35,15,0,0.36,1,21,6406.51,3,Own House,7,Goods Vehicle,0,0,0,0
8c32b310,Ucchal Bhat,+918181930744,West Bengal,Anand,Farmer,3,Individual,29104.31,Seasonal,41,933.81,12,0.64,1.22,100.0,10,299,14658.54,0.71,2,50,0.6,35,0,0.2,1,31,12435.37,3,Own House,5,None,1,3,1,1
4996d355,Aahana Yogi,03582606443,Maharashtra,Ambattur,Tailor,2,Proprietorship,38960.0,Stable,48,719.67,14,0.79,1.09,79.76,7,199,9485.43,0.84,0,0,0.42,41,0,0.18,5,31,16333.51,2,Rented,5,Two-Wheeler,1,3,1,1
8830e029,Laban Khare,06844088299,West Bengal,Anantapuram,Transport Worker,4,Partnership,49198.65,Irregular,40,757.8,12,0.86,0.85,90.39,9,499,8776.94,0.8,1,0,0.74,37,0,0.43,6,61,22512.16,4,Rented,2,None,0,0,0,1
928d3eb4,Urvi Chana,6806962568,Rajasthan,Varanasi,Small Trader,1,Proprietorship,24754.3,Seasonal,53,2897.18,15,0.84,0.91,79.1,7,499,4955.7,0.81,0,100,0.46,26,0,0.12,0,9,19472.31,1,Family,2,None,1,3,0,1
7b911536,Jagdish Sane,09871162934,Maharashtra,Bhatpara,Transport Worker,5,Individual,49870.39,Irregular,50,600.31,15,0.96,1.04,91.3,9,499,13158.67,1.0,1,0,0.65,40,0,0.5,12,35,30803.61,5,Family,10,Two-Wheeler,1,3,1,1
5be639e6,Darsh Rama,01827113009,Maharashtra,Thanjavur,Farmer,7,Individual,15162.12,Seasonal,36,1333.75,10,0.93,0.96,66.79,6,699,13877.98,1.0,0,0,0.6,31,1,0.22,19,73,9586.03,7,Rented,5,Two-Wheeler,1,3,0,1
bcd6b28d,Darsh Hayer,01911959384,Uttar Pradesh,Raipur,Food Stall Owner,1,Individual,23055.52,Stable,10,854.34,3,0.46,0.95,13.56,1,199,1574.07,0.5,5,50,0.88,21,2,0.24,2,16,11671.11,1,Own House,5,Auto,0,0,0,0
dea166ad,Nidra Palan,2339317124,Uttar Pradesh,Rajahmundry,Farmer,3,Proprietorship,24582.07,Stable,19,740.76,5,0.63,1.16,49.45,4,499,313.42,0.65,2,0,0.58,9,2,-0.08,6,34,17863.96,3,Family,3,Two-Wheeler,0,0,0,0
cbaa0191,Vedika Kulkarni,+916721850065,Rajasthan,Mango,Daily Wage Worker,5,Proprietorship,20904.56,Seasonal,57,2113.78,17,0.55,0.86,82.73,8,299,6230.89,0.49,0,100,0.52,50,0,0.3,0,51,9860.09,5,Family,7,Two-Wheeler,1,2,2,1
f39fe7ca,Caleb Cheema,+914764305421,Tamil Nadu,Kirari Suleman Nagar,Domestic Worker,1,Partnership,20929.78,Seasonal,75,2092.05,22,0.78,1.04,84.23,8,199,13958.16,0.69,3,0,0.45,1,0,0.16,0,15,13531.03,1,Family,1,None,1,2,1,1
c7e666ae,Vansha Varkey,09311388653,Rajasthan,Shimla,Transport Worker,2,Partnership,32923.1,Stable,59,1490.14,17,0.74,1.13,86.65,8,499,6397.74,0.71,0,0,0.39,38,0,0.75,4,18,20949.69,2,Rented,4,Two-Wheeler,1,3,1,1
c8810723,Kevin Vala,1203051345,Uttar Pradesh,Allahabad,Food Stall Owner,7,Individual,17995.98,Seasonal,52,958.64,15,0.62,1.32,100.0,10,499,9560.93,0.52,0,0,0.54,43,2,-0.17,7,137,13486.59,7,Own House,11,None,1,1,2,1
e69797a9,Laksh Chatterjee,05209468727,Uttar Pradesh,Bhatpara,Daily Wage Worker,2,Proprietorship,29567.6,Stable,53,1912.68,15,0.66,1.47,96.59,9,699,2610.15,0.71,2,100,0.84,57,0,0.07,4,39,14815.29,2,Rented,8,Two-Wheeler,1,3,0,1
19b00e3f,Arjun Sridhar,2780889391,Rajasthan,Munger,Tailor,7,Proprietorship,24079.82,Stable,64,1170.16,19,0.54,1.36,77.2,7,199,8728.66,0.53,2,0,0.46,29,1,0.34,13,62,10974.2,7,Rented,8,None,1,1,0,1
c47b03f0,Isha Sampath,+912781926340,Rajasthan,Haridwar,Daily Wage Worker,4,Proprietorship,40510.15,Irregular,42,572.92,12,0.67,1.33,100.0,10,499,2659.04,0.58,0,30,0.47,17,0,0.42,11,43,25502.62,4,Rented,1,None,0,0,0,1
4b629051,Jack Ramesh,9288909674,Maharashtra,Nagercoil,Artisan,4,Partnership,20895.55,Seasonal,64,1751.11,19,0.9,1.18,96.22,9,299,12860.34,0.95,1,30,0.61,38,0,0.62,5,73,8954.0,4,Own House,4,Two-Wheeler,1,3,0,1
15a5a481,Aishani Sridhar,+918868979583,Maharashtra,Firozabad,Construction Worker,6,Proprietorship,33230.88,Stable,51,2173.16,15,0.71,0.87,97.71,9,499,5156.54,0.63,1,100,0.88,34,0,0.7,12,38,16936.63,6,Rented,11,None,1,2,1,1
c60b9edb,Charita Golla,02831875641,Maharashtra,Hapur,Transport Worker,4,Proprietorship,21988.99,Irregular,75,2779.05,22,0.81,1.25,95.32,9,699,14182.89,0.76,1,100,0.59,49,0,-0.18,8,24,14329.03,4,Own House,4,None,0,0,0,1
bf54ead0,Zayyan Deshpande,+915059142433,Rajasthan,Durg,Farmer,3,Proprietorship,30108.11,Stable,50,1801.14,15,0.85,0.94,87.31,8,299,11550.54,0.84,2,30,0.71,43,0,0.3,0,28,23890.56,3,Family,3,Two-Wheeler,1,2,1,1
bef43e86,Ira Kari,08441633349,Uttar Pradesh,Durgapur,Artisan,3,Individual,46599.03,Stable,40,780.97,12,0.97,1.05,91.37,9,699,9996.79,0.87,0,0,0.61,45,0,0.52,3,29,27448.24,3,Rented,1,Two-Wheeler,1,2,0,1
4cd9fe38,Devansh Zacharia,5820059142,West Bengal,Bulandshahr,Domestic Worker,3,Proprietorship,41411.74,Stable,45,1729.83,13,0.79,1.05,70.76,7,199,8314.22,0.86,0,30,0.54,44,0,0.63,6,40,32401.33,3,Rented,4,Two-Wheeler,0,0,2,1
f574b4d8,Omaja Vaidya,2413146724,West Bengal,Bhilai,Food Stall Owner,4,Individual,25447.26,Irregular,27,1195.28,8,0.98,1.14,89.89,8,499,4863.28,0.95,0,0,0.87,38,0,0.72,7,47,18508.31,4,Family,8,Two-Wheeler,1,2,0,1
a2559587,Hamsini Das,07599620999,Uttar Pradesh,Mysore,Construction Worker,2,Proprietorship,22381.02,Stable,33,2642.98,9,0.76,1.5,100.0,10,699,2853.66,0.8,2,0,0.56,53,0,0.1,1,11,16894.26,2,Own House,3,Two-Wheeler,0,0,0,1
30798224,Lekha Muni,+916016407142,Uttar Pradesh,Gangtok,Street Vendor,5,Proprietorship,30495.76,Seasonal,40,2872.29,12,0.83,1.32,73.77,7,499,7752.99,0.75,0,0,0.41,29,0,-0.14,1,99,21756.7,5,Family,10,Two-Wheeler,0,0,1,1
ac3ebc7e,Jhalak Vyas,+910789754454,Maharashtra,Asansol,Street Vendor,5,Proprietorship,45857.24,Stable,68,1905.36,20,0.81,1.18,80.06,8,499,2765.93,0.84,1,0,0.34,38,0,0.35,12,99,26236.63,5,Rented,5,None,1,3,0,1
174f103c,Gaurav Chaudhary,06888325769,Tamil Nadu,Raebareli,Street Vendor,1,Proprietorship,20527.83,Seasonal,0,636.33,1,0.65,1.29,67.75,6,699,353.94,0.7,6,0,0.6,17,2,-0.14,2,6,13938.08,1,Rented,3,Goods Vehicle,0,0,0,0
60880829,Imaran Barman,02657324100,Maharashtra,Dehradun,Street Vendor,3,Proprietorship,19873.89,Irregular,65,526.79,19,0.86,1.42,90.39,9,499,6167.91,0.79,0,0,0.38,3,1,0.78,2,18,13221.28,3,Own House,1,Two-Wheeler,1,4,0,1
1c9379d8,Saanvi Merchant,03984162584,West Bengal,Pune,Construction Worker,1,Individual,18289.37,Stable,37,1664.0,11,0.81,1.34,72.12,7,699,9271.67,0.91,1,50,0.81,49,0,-0.01,1,15,8327.9,1,Rented,1,None,1,1,0,1
41d8717a,Megha Hari,+914324858307,Rajasthan,Siliguri,Food Stall Owner,1,Proprietorship,12062.76,Stable,13,955.16,3,0.1,1.31,77.28,7,199,2848.81,0.04,3,50,0.63,10,1,-0.17,1,7,8678.14,1,Family,3,None,0,0,0,0
2186a068,Hiral Mallick,+912792114813,Rajasthan,Kavali,Transport Worker,4,Proprietorship,21582.05,Irregular,73,1159.52,21,0.67,1.45,90.12,9,299,9480.63,0.7,0,0,0.69,41,2,0.55,10,71,14451.85,4,Rented,3,None,0,0,1,1
ad0ffc74,Warda Chand,+910638290996,Maharashtra,Ulhasnagar,Food Stall Owner,5,Partnership,35016.41,Stable,38,2768.66,11,0.81,1.03,79.52,7,499,13312.48,0.86,0,0,0.58,33,0,0.47,2,61,24350.96,5,Own House,7,None,1,3,0,1
27bb235c,Mohini Barman,07799339522,Uttar Pradesh,Howrah,Construction Worker,4,Proprietorship,29068.32,Stable,40,2614.36,12,0.99,0.86,77.15,7,299,10930.4,0.95,0,0,0.55,13,1,0.19,6,70,18410.97,4,Own House,6,Two-Wheeler,0,0,2,1
36855188,Ethan Dhawan,0826935190,Rajasthan,Sikar,Construction Worker,4,Individual,31905.41,Stable,22,1519.91,6,0.53,1.37,100.0,10,699,11625.94,0.53,0,30,0.7,35,0,0.53,5,60,20534.69,4,Rented,2,None,0,0,0,1
9bf470ae,Rushil Koshy,09643097299,Rajasthan,Shivpuri,Transport Worker,6,Individual,17984.39,Stable,36,2665.46,10,0.52,1.17,89.92,8,199,4711.59,0.51,0,30,0.85,31,2,0.24,2,96,11820.09,6,Rented,10,None,1,1,0,1
2e0f8ed0,Aahana Randhawa,4782876530,Uttar Pradesh,Thane,Construction Worker,3,Partnership,28237.24,Seasonal,50,2627.51,15,0.84,1.42,82.69,8,499,12366.46,0.83,1,100,0.72,36,0,-0.17,7,21,12732.87,3,Rented,4,Two-Wheeler,0,0,0,1
33068c57,Ekalinga Gopal,+917128051599,Tamil Nadu,Akola,Artisan,6,Partnership,39078.7,Seasonal,35,590.09,10,0.95,0.97,88.05,8,199,2490.74,0.86,1,0,0.65,35,0,0.73,2,117,30441.95,6,Rented,5,Two-Wheeler,1,2,2,1
1020caad,Michael Nadig,09573405205,Uttar Pradesh,Pudukkottai,Construction Worker,6,Partnership,43879.64,Stable,54,966.01,16,0.9,1.3,77.09,7,699,13710.13,0.89,1,0,0.75,29,1,0.3,4,110,24289.86,6,Rented,10,Two-Wheeler,0,0,0,1
34e7a93b,Ira Barad,+916503127002,Rajasthan,Ozhukarai,Domestic Worker,5,Partnership,43229.64,Seasonal,54,2146.96,16,0.93,0.82,94.59,9,199,4495.35,0.97,0,30,0.85,45,0,0.77,14,60,32198.17,5,Rented,5,Two-Wheeler,0,0,0,1
48be4422,Anirudh Raghavan,01175349141,Uttar Pradesh,Allahabad,Artisan,6,Partnership,48150.97,Seasonal,36,839.83,10,0.58,0.9,89.88,8,699,1841.02,0.68,0,30,0.41,39,1,0.41,6,82,25340.0,6,Own House,7,Two-Wheeler,0,0,0,1
754d4c4f,Zehaan Tandon,+912894178119,Rajasthan,Tadepalligudem,Daily Wage Worker,4,Individual,45541.91,Stable,44,2228.54,13,0.67,1.31,97.29,9,199,12611.39,0.74,0,30,0.89,41,0,0.59,7,40,28137.53,4,Rented,4,None,0,0,0,1
0cc6ebec,Hemal Mohanty,00895329843,Uttar Pradesh,Arrah,Construction Worker,5,Proprietorship,43260.41,Stable,59,2740.23,17,0.69,0.96,86.72,8,499,4191.09,0.65,2,30,0.49,4,0,0.32,10,52,34120.04,5,Own House,1,Two-Wheeler,1,2,0,1
7adccae1,Lucky Tandon,+915795552545,Tamil Nadu,Buxar,Farmer,7,Partnership,48342.7,Stable,56,2769.55,16,0.94,0.95,98.46,9,199,3042.91,0.95,1,0,0.5,35,0,0.32,1,71,19979.13,7,Own House,8,Two-Wheeler,1,2,0,1
ffc4133e,Ria Choudhry,07934028911,Maharashtra,Bhusawal,Street Vendor,5,Partnership,39735.15,Seasonal,52,1245.1,15,0.59,1.3,85.52,8,199,14055.51,0.51,3,0,0.59,26,1,0.18,3,86,25563.21,5,Own House,8,None,1,2,0,1
9168bbb0,Qarin Desai,6562307944,Uttar Pradesh,Karimnagar,Small Trader,2,Partnership,18731.83,Seasonal,28,1417.0,8,0.83,1.12,86.73,8,499,14527.84,0.77,2,30,0.47,46,0,0.12,5,11,11131.46,2,Rented,4,None,0,0,1,1
135a6363,Vihaan Dube,+915958068978,Uttar Pradesh,Hazaribagh,Transport Worker,6,Individual,46932.72,Stable,21,1026.66,6,1.0,1.14,100.0,10,299,11263.58,0.92,1,100,0.57,39,0,0.31,6,83,21842.93,6,Rented,9,None,0,0,0,1
acb8ce8f,Wyatt Memon,02883755716,Uttar Pradesh,Panihati,Tailor,5,Individual,35372.45,Irregular,52,2494.51,15,0.78,1.4,100.0,10,499,7651.52,0.77,1,50,0.63,29,0,0.22,13,40,25842.61,5,Rented,5,Two-Wheeler,0,0,0,1
735b5012,Raksha Koshy,6224778120,Tamil Nadu,Muzaffarnagar,Construction Worker,7,Partnership,21008.74,Stable,47,2519.58,14,0.88,1.25,100.0,10,699,10793.39,0.87,0,100,0.35,39,1,0.25,15,118,12559.84,7,Rented,8,None,1,3,0,1
91c2a429,Arya Tella,+915074606802,Tamil Nadu,Mirzapur,Domestic Worker,1,Individual,21713.85,Seasonal,16,566.06,4,0.56,0.96,55.18,5,499,2752.55,0.65,6,30,0.82,14,5,0.48,2,6,10775.91,1,Rented,2,Two-Wheeler,0,0,0,0
65f3d30e,Anika Sinha,+911643524201,Rajasthan,Dehradun,Tailor,5,Proprietorship,49014.59,Stable,17,1673.52,5,0.82,0.96,85.67,8,699,3697.47,0.73,1,30,0.86,27,0,0.14,14,61,23118.49,5,Own House,11,None,1,2,0,1
90a97aae,Vritti Chaudhary,2399263670,West Bengal,Mysore,Construction Worker,10,Partnership,40177.38,Seasonal,32,2645.44,9,0.89,1.05,91.68,9,299,10943.4,0.95,2,50,0.5,12,0,-0.03,21,173,17688.29,10,Own House,15,None,1,2,0,1
2034c27c,Leena Batra,+914727426146,Maharashtra,Tirupati,Food Stall Owner,4,Partnership,11781.48,Irregular,12,506.83,3,0.1,1.12,41.1,4,699,1838.4,0.12,5,100,0.82,18,2,0.62,1,70,6663.93,4,Own House,7,None,0,0,0,0
4237cbc2,Advika Konda,+912291917884,West Bengal,Muzaffarpur,Transport Worker,2,Proprietorship,23872.67,Stable,16,724.12,4,0.42,1.49,67.14,6,499,1800.66,0.42,5,0,0.47,12,3,0.44,3,14,11523.31,2,Rented,6,Two-Wheeler,0,0,0,0
79a77ab3,Ishita Choudhury,07478257927,West Bengal,Dharmavaram,Domestic Worker,5,Partnership,39753.35,Irregular,48,881.35,14,1.0,0.88,100.0,10,199,6937.83,0.93,1,50,0.37,34,0,0.72,13,63,25303.41,5,Rented,5,Two-Wheeler,1,2,1,1
1dad4ecb,Janya Bora,2296059907,Rajasthan,Thane,Small Trader,5,Partnership,49418.55,Seasonal,25,1899.04,7,0.94,1.32,81.06,8,499,13924.36,1.0,0,30,0.74,32,0,0.43,7,96,33133.31,5,Rented,9,Two-Wheeler,1,3,1,1
a875ff0f,Chandresh Nadig,6360624651,Maharashtra,Kirari Suleman Nagar,Daily Wage Worker,7,Partnership,33804.65,Stable,26,2192.81,7,0.96,1.38,100.0,10,299,4725.42,0.92,0,0,0.72,38,1,0.47,20,138,22807.03,7,Family,11,Two-Wheeler,0,0,0,1
bf73de7a,Noah Nori,+915418424673,Rajasthan,Kolkata,Transport Worker,7,Individual,22546.34,Stable,36,1855.07,10,0.89,1.15,70.23,7,199,14509.0,0.79,2,0,0.31,17,0,-0.15,12,70,17616.06,7,Rented,10,None,0,0,0,1
579b7022,Ishaan Sami,+913967217367,Rajasthan,Purnia,Transport Worker,7,Partnership,38550.51,Seasonal,51,2557.46,15,0.87,0.85,90.76,9,299,3803.95,0.85,1,100,0.65,44,0,0.34,5,73,29226.62,7,Rented,14,Two-Wheeler,0,0,2,1
f26c9fef,Yagnesh Manne,+910669863744,Rajasthan,Sasaram,Small Trader,2,Proprietorship,29203.42,Seasonal,64,2926.1,19,0.75,1.29,84.51,8,499,7893.62,0.69,0,50,0.57,32,0,0.69,2,14,17806.09,2,Own House,4,None,0,0,1,1
763a2fbe,Ekapad Batta,8737662299,West Bengal,Hyderabad,Daily Wage Worker,5,Proprietorship,43906.09,Irregular,62,1258.76,18,0.56,0.88,80.95,8,299,7543.42,0.53,0,100,0.56,27,0,0.6,11,56,23423.09,5,Own House,10,Two-Wheeler,0,0,0,1
4738241b,Veda Tara,02432850027,Uttar Pradesh,Aurangabad,Street Vendor,2,Proprietorship,36897.78,Stable,52,1929.02,15,1.0,0.91,95.54,9,499,8327.62,1.0,1,100,0.53,34,0,-0.15,2,25,21892.11,2,Own House,7,Two-Wheeler,1,2,0,1
46104c79,Saksham Ratti,+916964228701,Tamil Nadu,Gopalpur,Food Stall Owner,1,Partnership,6455.25,Seasonal,2,188.89,1,0.1,0.98,31.63,3,299,2776.63,0.09,7,0,0.35,8,3,0.39,1,15,3537.29,1,Own House,3,None,1,1,0,0
eabb49cb,Bhanumati Bora,00313868150,West Bengal,Giridih,Transport Worker,4,Proprietorship,18536.6,Stable,34,2230.4,10,0.8,1.17,82.71,8,499,14953.76,0.85,1,100,0.83,47,0,0.25,2,42,10485.26,4,Own House,7,None,1,3,2,1
9484c418,Anay Vig,+918837412226,Rajasthan,Bhalswa Jahangir Pur,Food Stall Owner,1,Proprietorship,7232.75,Stable,14,512.74,4,0.43,1.15,0.0,0,499,2639.04,0.34,3,0,0.86,10,1,0.16,1,7,3987.13,1,Family,4,Goods Vehicle,1,3,0,0
3cfdeee8,Nidhi Shankar,+912616803453,Tamil Nadu,Nanded,Artisan,5,Partnership,36525.25,Irregular,60,2351.92,18,0.81,1.44,100.0,10,299,6032.88,0.71,2,50,0.78,28,0,0.45,10,84,27613.17,5,Own House,7,Two-Wheeler,1,1,1,1
d83112dd,Wahab Chopra,9312592627,Uttar Pradesh,Jalgaon,Small Trader,5,Partnership,23249.05,Stable,40,2941.03,12,0.89,1.19,91.0,9,199,8449.56,0.84,0,0,0.77,34,0,0.77,0,85,12095.91,5,Rented,8,None,1,1,0,1
fb1a3bcb,Faraj Rout,05696620539,Tamil Nadu,Yamunanagar,Daily Wage Worker,6,Individual,41981.93,Irregular,44,2221.01,13,1.0,1.05,74.42,7,699,12467.43,1.0,0,0,0.38,47,0,0.75,8,46,25892.79,6,Own House,3,None,0,0,1,1
cf430b2c,Chaitanya Hans,9020497265,Maharashtra,Pondicherry,Construction Worker,8,Partnership,22199.05,Seasonal,49,2436.58,14,0.66,1.26,94.56,9,499,1587.32,0.57,3,0,0.86,57,0,0.02,8,91,12781.37,8,Family,11,Two-Wheeler,0,0,2,1
a173e509,Yashica Puri,1218596958,Maharashtra,Maheshtala,Transport Worker,3,Individual,46701.49,Irregular,39,782.1,11,0.92,1.49,93.37,9,299,3306.23,0.84,1,0,0.59,29,0,0.3,2,47,35021.39,3,Own House,10,Two-Wheeler,0,0,0,1
2377230e,Chakradhar Sarkar,5071449754,Tamil Nadu,Bhiwani,Tailor,8,Proprietorship,33925.71,Stable,18,1705.66,5,0.7,1.15,94.21,9,699,12323.06,0.65,0,30,0.81,53,1,0.78,15,69,15779.73,8,Own House,8,None,0,0,2,1
aa4144b5,Ekta Dhar,3033138958,West Bengal,Amritsar,Artisan,5,Partnership,24695.89,Stable,41,2655.84,12,0.95,1.12,78.68,7,499,10439.07,1.0,0,0,0.8,42,0,0.23,4,44,15175.05,5,Rented,1,Two-Wheeler,1,1,0,1
fe135d5d,Omya Gala,07206460387,Uttar Pradesh,Latur,Street Vendor,4,Individual,26255.4,Irregular,32,730.73,9,1.0,1.49,88.03,8,499,8163.2,0.97,0,0,0.76,38,0,0.33,8,23,12053.74,4,Own House,7,None,1,2,0,1
fe147d47,Ryan Sankar,6086926949,Rajasthan,Nadiad,Small Trader,6,Partnership,21886.56,Stable,27,2739.13,8,0.85,1.31,83.96,8,199,7993.68,0.82,1,30,0.36,19,0,0.79,11,88,10495.84,6,Family,10,Two-Wheeler,1,1,2,1
518019eb,Inaya Bail,3277140468,Uttar Pradesh,Mumbai,Artisan,6,Individual,23424.24,Irregular,47,803.75,14,0.83,1.33,88.35,8,199,10041.35,0.93,1,50,0.33,33,0,0.12,13,54,14425.18,6,Own House,6,None,0,0,0,1
c6c39d62,Ronith Narayanan,06385466958,West Bengal,Hajipur,Street Vendor,4,Proprietorship,29147.7,Irregular,62,1623.71,18,0.64,1.44,100.0,10,199,3312.42,0.62,0,30,0.78,33,0,0.23,2,79,22811.82,4,Family,7,None,1,3,1,1
9085b534,Leena Bora,9002253519,Tamil Nadu,Kolhapur,Food Stall Owner,3,Proprietorship,29070.95,Irregular,49,2322.35,14,0.74,1.47,92.77,9,499,1000.43,0.82,0,100,0.35,50,0,0.35,3,42,16148.64,3,Family,4,Two-Wheeler,1,2,2,1
7e85cb10,Harita Wable,5386783722,Uttar Pradesh,Panvel,Food Stall Owner,3,Partnership,16072.84,Seasonal,48,1144.21,14,0.96,1.49,88.89,8,699,11180.37,0.97,0,30,0.65,21,0,0.24,6,36,12044.49,3,Rented,4,Goods Vehicle,1,3,2,1
d722d0ca,Vansha Reddy,01435508383,Maharashtra,Ulhasnagar,Artisan,6,Individual,25268.64,Seasonal,15,1677.78,4,0.72,0.92,88.12,8,299,13007.18,0.77,1,30,0.82,30,0,-0.17,11,98,17783.93,6,Own House,4,Goods Vehicle,1,3,0,1
6f984f63,Libni Wali,+910533047699,Rajasthan,Serampore,Farmer,5,Proprietorship,27616.21,Stable,16,1436.83,4,0.58,1.48,81.11,8,699,9667.3,0.59,0,50,0.33,22,0,0.65,13,86,12459.88,5,Rented,13,Two-Wheeler,1,3,1,1
bceab887,Mahika Nagy,06992359098,West Bengal,Eluru,Daily Wage Worker,6,Proprietorship,30746.95,Stable,69,2645.93,20,0.8,0.8,96.01,9,199,14041.49,0.71,2,50,0.53,18,0,0.25,17,61,17860.08,6,Own House,9,Two-Wheeler,1,4,3,1
6297df9f,Watika Halder,01570906352,Uttar Pradesh,Hazaribagh,Food Stall Owner,3,Partnership,42649.11,Seasonal,59,2343.43,17,0.86,1.47,88.28,8,499,11466.36,0.93,1,0,0.9,23,0,0.09,2,22,19858.51,3,Family,5,Auto,1,3,1,1
7988e2ef,Hemang Nigam,6185646367,West Bengal,Allahabad,Artisan,8,Individual,45313.55,Stable,40,2048.47,12,0.53,1.19,74.65,7,699,5623.99,0.55,0,0,0.45,38,1,0.27,11,63,29944.88,8,Own House,11,Two-Wheeler,1,3,2,1
133dedfd,Anmol Manda,8009121149,Uttar Pradesh,Delhi,Small Trader,4,Proprietorship,34401.29,Seasonal,33,1321.86,9,0.93,0.81,100.0,10,699,5659.46,0.97,1,30,0.87,45,1,0.62,7,35,16563.77,4,Family,5,Two-Wheeler,1,1,2,1
e8265809,Timothy Mall,+918855479629,Maharashtra,Bareilly,Tailor,5,Proprietorship,29295.86,Seasonal,24,2308.55,7,0.69,1.14,81.59,8,199,4082.56,0.77,0,30,0.51,38,0,0.48,8,45,22014.43,5,Own House,10,None,1,3,0,1
8f223711,Qushi Walla,+914729050699,Uttar Pradesh,Pondicherry,Food Stall Owner,7,Partnership,30902.09,Seasonal,54,2075.62,16,0.92,1.11,79.83,7,199,6986.42,0.86,2,100,0.58,29,1,-0.17,4,64,21173.62,7,Own House,8,None,1,2,0,1
37a38fd1,Harsh Aurora,+918499481033,Maharashtra,Akola,Daily Wage Worker,1,Individual,10303.62,Stable,12,851.72,3,0.37,1.43,0.0,0,499,2823.42,0.36,3,0,0.37,3,3,0.71,2,7,4279.85,1,Own House,4,Goods Vehicle,0,0,0,0
24c254ff,Dev Babu,5942578563,Maharashtra,Tirunelveli,Farmer,1,Proprietorship,46380.11,Stable,48,2726.65,14,0.96,0.99,100.0,10,699,7015.43,1.0,1,0,0.48,38,0,0.36,1,11,29969.36,1,Rented,3,Two-Wheeler,1,3,1,1
a82f08df,Sarthak Apte,2955545848,Tamil Nadu,Jammu,Farmer,1,Partnership,29441.76,Stable,66,2239.05,19,0.97,1.21,84.27,8,499,2301.87,1.0,0,0,0.66,29,0,0.4,0,9,19272.47,1,Own House,4,None,0,0,3,1
6871f26a,Kiaan Basu,09355266014,Tamil Nadu,Amaravati,Farmer,3,Proprietorship,6606.33,Irregular,8,773.73,2,0.44,1.11,71.37,7,299,355.19,0.4,3,100,0.76,9,2,0.73,2,30,3869.37,3,Family,2,None,1,2,0,0
7ad31181,Forum Shere,03833174245,Tamil Nadu,Sangli-Miraj & Kupwad,Domestic Worker,3,Partnership,35014.01,Seasonal,51,1134.11,15,0.74,1.4,82.38,8,699,2636.3,0.72,0,100,0.57,27,0,-0.18,5,33,17787.93,3,Rented,6,None,0,0,0,1
535fe7d0,Faras Uppal,+917110854644,Maharashtra,Pali,Artisan,6,Proprietorship,43858.72,Stable,54,661.23,16,1.0,1.1,78.02,7,499,14846.4,1.0,0,0,0.64,63,0,0.46,4,49,26111.28,6,Rented,10,Two-Wheeler,1,3,1,1
749ea53e,Gaurang Sanghvi,4142185955,Rajasthan,Bhilai,Tailor,5,Proprietorship,17171.45,Stable,27,677.89,8,1.0,0.83,100.0,10,499,13292.47,1.0,1,0,0.35,61,0,-0.03,1,34,10430.36,5,Family,4,None,0,0,1,1
d71ff164,Girindra Konda,04959758452,Maharashtra,Suryapet,Daily Wage Worker,8,Individual,17027.22,Irregular,75,1985.99,22,0.69,1.46,83.71,8,499,12501.18,0.68,0,100,0.72,30,0,0.02,1,121,11268.69,8,Own House,6,Two-Wheeler,0,0,2,1
c154757e,Nakul Karnik,+919046729791,Uttar Pradesh,Jalna,Transport Worker,7,Partnership,47988.6,Seasonal,46,2366.94,13,0.92,1.32,95.46,9,299,7246.82,0.99,0,0,0.8,16,0,0.02,16,117,31331.11,7,Own House,4,None,0,0,1,1
c65fe51a,Jyoti Garg,00161028684,Maharashtra,Kirari Suleman Nagar,Tailor,3,Individual,49806.01,Stable,25,1416.17,7,0.8,1.21,98.67,9,299,5312.85,0.77,1,30,0.56,72,0,0.15,5,45,37138.7,3,Own House,7,Auto,0,0,1,1
53746edf,Dayita Khanna,+919051101935,Rajasthan,Karaikudi,Artisan,1,Individual,42481.16,Stable,46,1981.04,13,0.59,0.89,91.22,9,199,3387.34,0.65,0,30,0.85,32,0,0.06,1,9,25829.7,1,Own House,8,Two-Wheeler,1,1,0,1
cf2bbfa4,Theodore Edwin,+913829662367,Tamil Nadu,Bidhannagar,Food Stall Owner,1,Partnership,19632.16,Irregular,15,331.21,4,0.51,0.89,27.05,2,499,2528.36,0.47,10,0,0.62,2,1,0.59,1,9,9112.26,1,Family,1,Two-Wheeler,0,0,0,0
24a47b76,Sudiksha Sachar,+910003474660,Rajasthan,Loni,Farmer,7,Proprietorship,46578.27,Seasonal,40,2693.39,12,0.87,1.19,96.58,9,199,4201.72,0.88,0,0,0.8,56,0,-0.06,9,129,34390.59,7,Rented,13,None,0,0,1,1
a3c89d99,Yadavi Swamy,+916872199785,Tamil Nadu,North Dumdum,Street Vendor,3,Individual,45583.76,Irregular,43,2777.2,12,0.65,1.05,90.85,9,699,11802.0,0.58,2,0,0.56,36,0,0.29,2,46,32870.74,3,Family,4,Two-Wheeler,1,4,0,1
6db6e5ee,Orinder Sehgal,+917797461308,Maharashtra,Ratlam,Street Vendor,2,Proprietorship,25962.22,Stable,44,825.12,13,0.62,0.86,85.86,8,499,6247.25,0.72,2,50,0.32,21,0,0.77,4,39,15347.6,2,Own House,4,None,1,1,0,1
d7e47e0f,David Wason,02711508956,Tamil Nadu,Amritsar,Small Trader,4,Proprietorship,35882.07,Stable,48,631.61,14,0.72,0.81,88.44,8,699,13552.0,0.73,0,0,0.89,43,0,-0.17,11,57,22371.85,4,Own House,5,Two-Wheeler,1,2,2,1
e28467e2,Madhavi Dada,03599139858,Tamil Nadu,Rohtak,Daily Wage Worker,6,Partnership,27038.52,Stable,46,2332.5,13,0.88,1.03,92.0,9,199,12493.73,0.8,2,30,0.78,33,1,-0.1,10,71,12099.29,6,Family,8,None,0,0,1,1
52286023,Vivaan Thaman,00835491202,West Bengal,Bettiah,Tailor,5,Proprietorship,22480.78,Seasonal,37,992.38,11,0.59,0.91,85.44,8,199,9174.02,0.58,0,30,0.55,18,0,-0.16,7,66,14017.59,5,Family,4,Two-Wheeler,1,3,0,1
7fe79015,Qabil Kara,+918987828165,West Bengal,Gopalpur,Transport Worker,5,Individual,31120.39,Stable,27,2751.9,8,0.77,0.84,96.56,9,199,7884.33,0.73,0,30,0.53,20,0,0.7,1,29,23987.65,5,Own House,3,Goods Vehicle,1,4,0,1
63a78654,Hema Dewan,5053366046,Uttar Pradesh,Tirunelveli,Domestic Worker,1,Proprietorship,20664.43,Stable,19,230.6,5,0.1,0.98,45.37,4,299,1833.95,0.12,5,0,0.73,8,2,0.08,2,5,10607.56,1,Family,1,Two-Wheeler,0,0,0,0
a810fac1,Chaitaly Subramaniam,3436560791,Uttar Pradesh,Durgapur,Tailor,7,Individual,31812.95,Seasonal,38,2963.22,11,1.0,1.17,83.22,8,199,6501.85,1.0,1,100,0.65,38,0,0.53,15,74,15793.03,7,Family,7,None,0,0,2,1
bfb87ebc,Netra Shankar,+916847889660,Uttar Pradesh,Berhampore,Construction Worker,7,Partnership,29062.76,Seasonal,18,1693.0,5,0.91,1.03,82.35,8,499,10878.9,1.0,0,0,0.68,30,0,0.07,5,133,15092.55,7,Own House,11,None,0,0,0,1
df599fb1,Hemangini Thakur,6501210023,Maharashtra,Panihati,Food Stall Owner,6,Partnership,42188.75,Stable,30,2183.55,9,0.93,0.95,92.51,9,499,2100.77,0.96,0,50,0.42,46,1,0.73,6,39,28728.94,6,Family,4,None,0,0,0,1
9b02f70f,Ojasvi Srivastava,+919998905195,Uttar Pradesh,Bihar Sharif,Farmer,7,Proprietorship,21849.94,Seasonal,39,2550.63,11,0.65,1.22,100.0,10,499,7412.4,0.72,1,100,0.85,11,0,0.15,1,56,12399.36,7,Rented,6,None,0,0,0,1
d94c71d8,Keya Venkatesh,04734354786,West Bengal,Purnia,Farmer,7,Partnership,43587.28,Seasonal,30,954.03,9,0.92,1.18,87.48,8,299,12293.71,0.82,2,0,0.77,28,0,0.38,19,39,22060.85,7,Own House,4,None,0,0,0,1
bf5e8dea,Krishna Patil,06620581797,West Bengal,Bhusawal,Daily Wage Worker,5,Proprietorship,24530.76,Stable,47,1185.14,14,0.65,0.92,100.0,10,199,12616.39,0.72,1,100,0.53,47,1,0.32,0,37,17054.11,5,Family,10,Auto,0,0,1,1
93b5dc39,Jack Narayan,+917732496872,Tamil Nadu,Morbi,Food Stall Owner,5,Individual,40741.22,Stable,41,2645.92,12,0.7,1.24,85.8,8,299,5565.48,0.76,0,100,0.5,49,0,0.32,14,77,27247.34,5,Own House,6,Auto,1,3,0,1
89b83a3c,Qarin Kapur,00903165414,Tamil Nadu,Avadi,Daily Wage Worker,7,Proprietorship,19642.56,Stable,41,2846.03,12,0.8,0.9,72.49,7,199,6468.31,0.75,0,30,0.82,28,1,0.18,7,99,12831.09,7,Rented,12,None,1,1,1,1
026bd5dc,Advay Agarwal,07991365380,West Bengal,Dewas,Transport Worker,2,Individual,42015.02,Stable,28,716.06,8,0.92,1.15,81.09,8,199,8676.49,0.87,2,30,0.74,42,1,-0.01,2,19,32721.9,2,Rented,1,Two-Wheeler,0,0,0,1
e24fb0e3,Yasti Krishnamurthy,+913020124132,Uttar Pradesh,Imphal,Farmer,4,Proprietorship,44888.67,Seasonal,62,2732.73,18,0.77,0.89,95.94,9,299,9772.3,0.8,0,50,0.78,33,1,0.08,2,77,18114.61,4,Own House,9,None,0,0,2,1
9b51e1ab,Yachana Palan,+917274641138,Uttar Pradesh,Amroha,Small Trader,3,Proprietorship,10877.8,Stable,5,151.21,1,0.38,1.29,34.55,3,499,2795.48,0.36,3,100,0.81,1,1,-0.19,5,32,5649.41,3,Own House,2,Auto,1,3,0,0
e3a19daa,Unnati Mohanty,9790025066,Uttar Pradesh,Warangal,Small Trader,3,Proprietorship,33413.29,Stable,28,2341.18,8,0.94,1.48,74.27,7,299,5418.87,1.0,0,50,0.89,34,0,0.04,6,47,21482.4,3,Rented,2,None,1,3,0,1
e83578c6,Tanay Goel,7290180690,Uttar Pradesh,Ongole,Tailor,5,Partnership,48935.46,Seasonal,48,2804.69,14,0.93,1.18,88.84,8,199,6441.48,0.89,0,100,0.34,29,0,0.79,11,39,19682.28,5,Rented,4,None,1,3,1,1
9c9ef289,Dayamai Hegde,+911723073815,West Bengal,Haldia,Construction Worker,9,Partnership,22676.21,Seasonal,73,2317.83,21,0.67,0.96,85.11,8,199,4688.63,0.68,0,0,0.86,41,0,0.71,15,92,12527.67,9,Own House,8,Two-Wheeler,1,4,1,1
7e26b966,Nirja Banerjee,1667762125,Maharashtra,Katihar,Food Stall Owner,4,Individual,47741.96,Seasonal,37,2821.58,11,0.63,1.13,93.24,9,299,3106.61,0.71,0,50,0.75,41,0,0.38,10,69,33553.97,4,Own House,6,None,0,0,0,1
3f08bc96,Ganga Baral,04341293647,Uttar Pradesh,Pondicherry,Farmer,5,Individual,24259.12,Stable,85,2814.38,25,0.88,1.19,79.45,7,299,14024.92,0.84,2,0,0.66,43,0,-0.18,3,74,10014.77,5,Rented,4,None,1,2,0,1
3630afef,Charles Bakshi,+914685476978,Rajasthan,Bhopal,Tailor,2,Partnership,15339.04,Seasonal,51,2866.89,15,0.9,0.84,83.09,8,499,4470.23,0.94,2,50,0.56,52,0,0.63,4,16,7522.75,2,Own House,4,Two-Wheeler,1,2,0,1
09aae051,Sai Swamy,03923347525,Rajasthan,Bidhannagar,Daily Wage Worker,2,Individual,18274.58,Stable,41,541.68,12,0.75,1.47,94.89,9,699,3961.09,0.79,0,30,0.54,20,0,0.56,0,10,7455.83,2,Family,1,None,0,0,2,1
0ad752ae,Aradhana Reddy,04305521720,Uttar Pradesh,Cuttack,Construction Worker,5,Partnership,23587.22,Irregular,33,1473.24,9,0.66,1.46,76.48,7,199,11066.64,0.66,1,0,0.32,60,0,0.06,8,28,14118.05,5,Own House,1,None,0,0,0,1
7c776403,Saumya Borde,4278402127,Tamil Nadu,Kalyan-Dombivli,Artisan,5,Individual,31686.39,Stable,4,1176.69,1,0.81,1.15,86.31,8,499,6540.43,0.75,1,0,0.56,43,0,-0.13,12,34,24120.91,5,Rented,6,Two-Wheeler,1,4,0,1
2d534682,Anvi Nayak,+918383572598,Rajasthan,Rewa,Farmer,6,Partnership,29391.91,Stable,28,1506.02,8,0.76,1.1,95.94,9,199,10674.78,0.82,0,100,0.74,29,0,0.33,5,74,15283.11,6,Own House,3,Two-Wheeler,1,4,0,1
33792ada,Imaran Bath,05067090988,Rajasthan,Farrukhabad,Artisan,4,Individual,25913.56,Stable,52,1765.35,15,0.66,0.84,88.56,8,499,9971.57,0.6,1,0,0.33,24,0,0.79,0,61,20561.68,4,Own House,4,None,1,2,0,1
397a1e19,Ishani Bal,+914971316259,Tamil Nadu,Narasaraopet,Small Trader,3,Proprietorship,25287.09,Seasonal,70,2232.3,21,0.74,1.13,100.0,10,199,13811.38,0.74,2,100,0.64,28,0,0.43,4,17,12470.16,3,Own House,6,Two-Wheeler,1,1,1,1
2846779e,Harrison Shetty,09870371357,West Bengal,Morena,Artisan,1,Partnership,42866.51,Seasonal,20,1628.56,6,0.93,1.12,97.71,9,499,9883.49,0.91,0,50,0.45,44,1,-0.08,0,16,20979.35,1,Own House,1,Goods Vehicle,0,0,0,1
bb5a0cba,Damini Krishnan,+912411434514,Rajasthan,Suryapet,Food Stall Owner,5,Proprietorship,25669.34,Stable,11,2219.78,3,0.74,1.26,97.52,9,699,3701.78,0.73,1,50,0.62,20,0,0.53,0,91,17485.87,5,Family,5,Goods Vehicle,0,0,0,1
462af7ef,Pranav Chauhan,+911579018321,West Bengal,Hazaribagh,Artisan,8,Individual,37575.34,Stable,63,1919.6,18,0.74,1.07,91.86,9,499,14304.81,0.72,2,30,0.62,31,0,0.07,11,129,18115.4,8,Family,5,None,1,2,0,1
1090b188,Siya Chana,0361411881,West Bengal,Tiruppur,Food Stall Owner,4,Partnership,27165.0,Stable,61,2817.94,18,0.89,0.86,84.66,8,499,3133.82,0.96,0,100,0.8,37,1,0.58,8,22,14159.79,4,Family,7,None,0,0,2,1
73f19e4c,Mitesh Goda,+910789486759,Maharashtra,Fatehpur,Domestic Worker,5,Individual,17967.72,Stable,39,678.14,11,0.83,0.92,81.98,8,199,5151.5,0.84,2,0,0.31,28,0,-0.12,14,47,12715.56,5,Rented,8,Two-Wheeler,1,1,2,1
890b16e0,Ridhi Sen,03244053471,West Bengal,Akola,Construction Worker,3,Proprietorship,46327.98,Stable,42,1605.98,12,0.8,1.1,90.58,9,699,5739.76,0.85,0,50,0.62,29,0,0.08,0,45,34519.36,3,Rented,7,Two-Wheeler,0,0,3,1
9c6a4576,Bhavna Ram,+918267944252,West Bengal,Bhimavaram,Food Stall Owner,4,Partnership,17187.74,Seasonal,44,1468.67,13,0.65,1.22,100.0,10,199,9668.86,0.7,3,100,0.53,31,0,-0.09,6,43,11090.58,4,Own House,4,None,1,3,0,1
83a12169,Vihaan Date,+917468589205,Rajasthan,Panchkula,Domestic Worker,4,Proprietorship,31548.9,Stable,67,2108.94,20,0.78,0.87,80.52,8,199,14607.31,0.83,0,0,0.36,48,0,0.53,3,78,13090.94,4,Family,3,Two-Wheeler,1,2,0,1
539b02f0,Ati Pingle,+917517918031,Rajasthan,Agartala,Tailor,2,Partnership,41685.56,Stable,49,763.05,14,0.91,0.99,100.0,10,699,12280.69,0.81,2,50,0.31,38,1,-0.05,4,23,24135.94,2,Family,1,None,1,1,1,1
ffc90690,Ranveer Wadhwa,5541004751,West Bengal,Kirari Suleman Nagar,Food Stall Owner,4,Partnership,22722.79,Stable,51,845.31,15,0.8,1.09,100.0,10,499,10448.5,0.82,1,100,0.86,26,1,0.1,9,65,15375.65,4,Family,5,None,0,0,0,1
fd08db4d,Gavin Ramanathan,1131483193,Maharashtra,Motihari,Farmer,5,Proprietorship,45377.14,Seasonal,59,1722.12,17,0.4,1.48,81.29,8,199,1419.63,0.45,1,100,0.57,23,0,0.67,2,76,33363.37,5,Family,3,Two-Wheeler,1,3,2,1
e603f83d,Ria Mani,0256217178,Tamil Nadu,Panihati,Construction Worker,5,Partnership,43635.1,Stable,53,2168.33,15,0.85,0.95,85.23,8,699,3942.69,0.78,1,30,0.69,49,0,0.56,8,44,18001.09,5,Rented,7,Two-Wheeler,1,2,0,1
2728a8f5,Balvan Suresh,+913130780988,Rajasthan,Ozhukarai,Daily Wage Worker,6,Partnership,25385.47,Stable,27,2296.07,8,0.92,1.26,95.35,9,199,1567.82,0.85,0,50,0.63,48,0,0.7,7,58,17768.31,6,Rented,13,Goods Vehicle,1,1,1,1
da056cdf,Anthony Parikh,09666572734,Uttar Pradesh,Chennai,Artisan,7,Proprietorship,32857.45,Stable,36,819.62,10,0.7,1.08,100.0,10,199,4680.94,0.71,0,100,0.44,21,0,0.29,7,121,13440.07,7,Rented,7,Two-Wheeler,1,2,0,1
7a48a572,Lavanya Buch,1646525644,Uttar Pradesh,Muzaffarnagar,Street Vendor,3,Partnership,49890.6,Irregular,42,1755.49,12,0.7,0.83,91.49,9,299,11499.45,0.77,1,30,0.34,29,0,0.58,4,38,28752.21,3,Rented,8,None,1,1,0,1
5a940444,Jalsa Gade,+916333321081,West Bengal,North Dumdum,Farmer,5,Partnership,16066.53,Irregular,54,2668.04,16,0.62,0.86,73.41,7,299,2468.17,0.55,0,0,0.51,50,0,0.27,5,73,9508.7,5,Rented,11,None,1,3,1,1
8e3922f4,Kamala Bobal,4858891306,Tamil Nadu,Karawal Nagar,Farmer,6,Individual,18197.36,Seasonal,14,2391.62,4,0.61,1.03,93.35,9,199,3635.25,0.57,2,30,0.46,51,0,-0.17,13,86,11506.24,6,Rented,10,None,0,0,1,1
f92652ef,Isha Bhakta,1512474240,Uttar Pradesh,Avadi,Domestic Worker,9,Partnership,44545.97,Stable,50,2670.68,15,0.99,1.45,87.41,8,199,4776.49,0.92,0,30,0.32,27,0,-0.05,26,175,17906.41,9,Rented,7,None,1,3,1,1
1af55af1,Gaurika Mandal,00682019097,Rajasthan,Jalgaon,Daily Wage Worker,7,Proprietorship,43976.92,Seasonal,39,1457.06,11,1.0,0.96,96.45,9,699,4376.89,1.0,1,30,0.49,51,0,-0.03,5,38,29982.12,7,Family,6,Two-Wheeler,1,2,1,1
adeafe53,Hemangini Borde,7309206381,Uttar Pradesh,Panvel,Tailor,2,Individual,23176.87,Irregular,65,2428.06,19,0.73,0.92,72.7,7,499,8027.1,0.81,2,50,0.38,60,1,0.57,5,38,12691.82,2,Rented,1,None,0,0,2,1
2af57c32,Keya Shetty,2364478665,Maharashtra,Pondicherry,Domestic Worker,5,Individual,46965.49,Seasonal,32,2021.46,9,0.88,1.01,90.69,9,499,9783.55,0.8,0,0,0.36,48,1,0.2,0,86,20521.02,5,Family,5,Two-Wheeler,0,0,0,1
15a59133,Arunima Bhalla,4799094323,Uttar Pradesh,Mango,Farmer,3,Individual,41399.88,Stable,48,551.28,14,0.87,1.5,87.05,8,699,11059.44,0.79,2,50,0.37,55,1,0.29,5,52,27798.36,3,Family,4,None,0,0,0,1
12ab0f85,Jagat Tiwari,04932995369,Uttar Pradesh,Erode,Daily Wage Worker,1,Partnership,47092.97,Seasonal,38,1913.55,11,0.85,0.85,100.0,10,499,11139.26,0.76,0,100,0.87,51,0,0.1,0,9,24068.64,1,Rented,1,None,1,2,0,1
78c84173,Hemangini Om,+910376343699,Uttar Pradesh,Srikakulam,Domestic Worker,6,Individual,19343.76,Stable,50,959.46,15,0.71,1.31,88.47,8,199,1346.71,0.77,0,50,0.35,18,0,0.24,11,69,9878.89,6,Family,6,None,1,1,0,1
2093e2bb,Faraj Mannan,05950062224,Rajasthan,Vijayawada,Transport Worker,5,Proprietorship,36529.52,Stable,13,2776.51,3,0.88,0.91,100.0,10,499,1703.4,0.93,1,0,0.5,50,0,0.27,11,93,17375.47,5,Own House,7,None,0,0,0,1
bf739c19,Advay Gara,5684583954,Maharashtra,Darbhanga,Daily Wage Worker,3,Individual,24032.07,Stable,12,453.48,3,0.35,1.34,82.33,8,299,400.17,0.26,5,30,0.52,15,3,0.04,6,33,19046.64,3,Own House,6,Two-Wheeler,0,0,0,0
b804e827,Aishani Taneja,06333416787,Tamil Nadu,Nizamabad,Domestic Worker,4,Partnership,29429.79,Seasonal,68,2836.82,20,0.72,1.15,86.59,8,299,9183.6,0.63,0,50,0.9,33,0,0.25,4,44,13127.41,4,Family,5,None,0,0,1,1
0efab475,Vrinda Magar,+918939108871,Uttar Pradesh,Darbhanga,Daily Wage Worker,4,Proprietorship,40263.01,Stable,43,700.22,12,0.85,1.24,77.55,7,699,8839.91,0.87,1,100,0.65,22,1,0.31,5,39,17251.58,4,Family,5,Two-Wheeler,1,2,1,1
41d8d475,Vanya Dube,+915713848102,Tamil Nadu,Sagar,Construction Worker,4,Individual,5363.16,Stable,0,750.22,1,0.33,1.28,78.56,7,299,1343.83,0.31,5,100,0.49,15,1,0.7,8,79,3790.71,4,Own House,2,None,1,2,0,0
160f94ce,Anya Walia,2267302071,Rajasthan,Erode,Farmer,3,Individual,26810.9,Stable,55,628.23,16,0.68,1.36,60.93,6,499,5681.62,0.77,0,100,0.39,7,0,0.07,3,33,18013.68,3,Family,1,None,1,4,1,1
83f10646,Wazir Kumer,1483614410,Tamil Nadu,Dhule,Street Vendor,4,Proprietorship,45323.53,Stable,36,1038.82,10,0.71,1.37,88.08,8,699,11684.17,0.74,2,0,0.69,33,0,0.67,0,30,25195.52,4,Own House,2,Two-Wheeler,1,2,0,1
b9377b35,Bhavika Banerjee,+910493879180,Uttar Pradesh,Kumbakonam,Tailor,1,Individual,40185.27,Stable,63,1456.21,18,0.56,1.15,100.0,10,699,12178.78,0.6,0,50,0.38,26,0,-0.19,0,15,19990.38,1,Family,1,Two-Wheeler,0,0,0,1
9fe056f9,Januja Agate,+916607138789,Rajasthan,Hazaribagh,Tailor,4,Individual,23096.0,Irregular,62,2337.13,18,0.66,1.34,84.55,8,499,12011.36,0.63,1,30,0.48,38,0,0.69,10,48,9599.42,4,Own House,4,Goods Vehicle,1,3,0,1
277cc4f0,Advaith Magar,8168738049,Maharashtra,Madurai,Domestic Worker,5,Individual,28302.61,Stable,43,986.4,12,0.59,0.86,93.9,9,299,8323.19,0.63,0,0,0.89,38,1,0.62,7,34,21050.53,5,Own House,9,Goods Vehicle,1,2,1,1
9759fcd2,Aarush Mukherjee,6837971724,Rajasthan,Guwahati,Artisan,7,Proprietorship,22205.87,Seasonal,31,824.64,9,0.75,1.35,98.5,9,299,14478.26,0.78,1,0,0.33,41,1,0.55,17,65,14571.02,7,Own House,12,Two-Wheeler,1,3,0,1
2a5170c0,Chanchal Khalsa,+913624670058,Tamil Nadu,Dindigul,Small Trader,7,Individual,44770.36,Irregular,51,2592.53,15,0.91,1.32,100.0,10,499,9660.56,0.81,2,0,0.8,41,0,0.31,0,65,28956.16,7,Own House,6,None,0,0,0,1
83593bfd,Vrishti Mane,0906000251,Maharashtra,Siwan,Transport Worker,5,Partnership,22393.11,Stable,56,2657.49,16,0.78,1.48,92.12,9,699,11323.97,0.86,1,100,0.34,39,0,0.14,1,98,16275.08,5,Rented,6,None,0,0,0,1
ca982c50,Vyanjana Vohra,03606088350,Uttar Pradesh,Ajmer,Domestic Worker,4,Individual,27177.95,Seasonal,69,2127.87,20,0.75,1.27,74.82,7,299,12780.27,0.71,2,50,0.71,35,0,-0.03,7,79,11661.2,4,Rented,6,Two-Wheeler,0,0,1,1
5c08020b,Aarna Mishra,5606313698,Maharashtra,Salem,Street Vendor,6,Proprietorship,42744.24,Seasonal,58,2683.28,17,0.6,1.08,100.0,10,299,8324.21,0.57,2,30,0.42,31,2,0.6,14,67,21945.71,6,Own House,12,Two-Wheeler,1,2,1,1
5f04541b,Yachana Kunda,09687712400,Uttar Pradesh,Tezpur,Domestic Worker,4,Partnership,38931.39,Irregular,50,1068.52,15,0.81,1.1,100.0,10,199,12083.8,0.89,0,0,0.7,47,0,0.26,4,59,24066.33,4,Rented,4,Two-Wheeler,0,0,3,1
83bbe524,Krish Kar,8486351900,West Bengal,Nellore,Construction Worker,1,Proprietorship,23659.25,Stable,15,489.77,4,0.27,0.94,47.53,4,299,2232.91,0.24,6,0,0.66,2,1,0.49,0,12,9883.84,1,Rented,2,None,0,0,0,0
c21e8bac,Vinaya Sule,3271730290,Rajasthan,Ghaziabad,Transport Worker,1,Proprietorship,14235.56,Stable,4,330.77,1,0.34,1.47,54.32,5,299,668.24,0.33,4,30,0.51,21,2,-0.06,2,6,7901.91,1,Own House,8,None,0,0,0,0
e8b40eba,Aarav Bhatt,0889945805,West Bengal,Yamunanagar,Domestic Worker,9,Partnership,45516.96,Stable,62,1942.45,18,0.97,1.01,84.36,8,699,8563.9,0.98,1,30,0.56,33,0,0.4,2,171,31955.34,9,Rented,14,None,1,3,0,1
1aae9f35,Balvan Nayar,9355120319,Uttar Pradesh,Jalandhar,Small Trader,4,Partnership,45756.13,Stable,52,1057.72,15,0.61,1.16,100.0,10,499,3663.19,0.67,1,30,0.38,57,1,0.44,2,25,21356.19,4,Rented,1,Two-Wheeler,0,0,0,1
9692cc3c,Hemani Wadhwa,09153853290,Tamil Nadu,Deoghar,Food Stall Owner,7,Partnership,46222.06,Stable,45,2979.58,13,1.0,1.11,97.42,9,299,6975.07,1.0,0,50,0.81,46,0,0.48,18,56,34636.24,7,Rented,10,Two-Wheeler,1,1,2,1
5b296008,Meghana Agrawal,06857430197,Tamil Nadu,Chapra,Farmer,3,Partnership,36532.99,Stable,55,1607.95,16,0.94,1.45,93.49,9,199,2117.99,0.9,0,0,0.41,59,0,0.79,6,42,15300.59,3,Own House,5,Two-Wheeler,0,0,2,1
1dad0d82,Gaurav Savant,03764183281,West Bengal,Mau,Street Vendor,5,Partnership,44470.55,Stable,67,2182.12,20,0.79,0.92,89.41,8,499,9867.76,0.79,2,0,0.63,51,0,0.64,1,85,33139.61,5,Own House,10,Two-Wheeler,0,0,0,1
55cb5c09,Janani Golla,+918710829187,Rajasthan,Akola,Small Trader,7,Partnership,32719.31,Stable,54,2085.26,16,0.78,1.48,88.16,8,199,6065.94,0.78,0,30,0.42,30,0,0.41,5,56,19848.49,7,Family,8,Two-Wheeler,1,2,0,1
3aa69d1b,Hredhaan Bhagat,+912592399316,Uttar Pradesh,Shimla,Construction Worker,4,Partnership,47363.19,Stable,65,2998.74,19,0.62,1.3,95.11,9,699,10750.13,0.59,0,50,0.31,33,0,0.4,6,28,21804.42,4,Own House,3,Two-Wheeler,0,0,0,1
8ce2b7c5,Indira Gokhale,+914886023043,Tamil Nadu,Nagaon,Artisan,7,Proprietorship,44911.67,Stable,36,2234.69,10,0.97,1.06,79.48,7,499,10880.63,0.94,0,100,0.51,43,0,0.64,2,105,22432.94,7,Own House,13,Goods Vehicle,0,0,0,1
ea36e058,Ayush Loyal,+913971841216,Rajasthan,Nagpur,Daily Wage Worker,4,Individual,47582.52,Irregular,48,2935.62,14,0.85,0.96,100.0,10,199,10881.64,0.91,1,0,0.39,32,1,0.31,2,54,35461.13,4,Own House,5,Two-Wheeler,1,3,1,1
7edd249c,Ijaya Parsa,+915054506922,Uttar Pradesh,Khandwa,Food Stall Owner,4,Proprietorship,17948.94,Stable,28,2858.94,8,0.91,1.25,86.07,8,199,11965.02,0.82,1,30,0.88,38,1,0.02,1,31,13070.79,4,Rented,10,Two-Wheeler,1,4,0,1
6253fb92,Dakshesh Dubey,+915558844355,Maharashtra,Arrah,Farmer,5,Proprietorship,17416.29,Stable,26,2089.11,7,0.63,0.97,80.3,8,299,9350.54,0.65,0,50,0.66,50,0,0.5,5,86,8388.3,5,Family,5,None,1,4,0,1
da64096f,Udarsh Dave,08036412458,Tamil Nadu,Kurnool,Street Vendor,8,Proprietorship,44278.58,Seasonal,46,2260.84,13,0.82,0.87,92.41,9,499,5287.75,0.78,1,30,0.59,51,0,-0.14,4,124,30318.04,8,Own House,10,Two-Wheeler,0,0,0,1
ce5da6a7,Mitesh Soni,+917792294057,Maharashtra,Kirari Suleman Nagar,Construction Worker,6,Proprietorship,24644.48,Stable,41,2502.02,12,0.83,1.16,97.5,9,299,12242.79,0.86,0,30,0.62,28,0,0.39,3,55,11453.73,6,Family,5,None,1,2,1,1
83252def,Aryan Kalla,09844031119,Rajasthan,Ahmedabad,Artisan,3,Partnership,17486.22,Seasonal,35,1672.77,10,0.69,1.01,85.09,8,299,3344.88,0.6,0,0,0.45,30,0,0.16,6,17,8466.88,3,Own House,8,None,1,2,0,1
d7c5d276,Naksh Shetty,+916131803255,Uttar Pradesh,Tirunelveli,Artisan,3,Partnership,49929.21,Seasonal,40,2950.65,12,0.96,0.89,100.0,10,199,1441.18,0.94,1,0,0.38,25,0,0.32,0,18,33399.61,3,Own House,7,None,1,1,1,1
0ba905ea,Charvi Puri,7496663324,Rajasthan,Bhilwara,Transport Worker,1,Proprietorship,41041.49,Stable,34,702.18,10,0.71,0.93,100.0,10,199,1814.71,0.67,0,100,0.74,45,0,0.35,1,11,20483.5,1,Family,2,None,0,0,0,1
19861e1e,Avni Mani,07914162406,Maharashtra,Bikaner,Construction Worker,3,Individual,18067.5,Irregular,25,2842.39,7,0.52,1.15,95.08,9,299,6557.74,0.54,3,50,0.43,46,0,0.73,1,51,9977.76,3,Own House,6,Two-Wheeler,1,3,0,1
d6c29a46,Warjas Solanki,6936624734,Maharashtra,Proddatur,Tailor,3,Individual,40860.33,Stable,46,1830.73,13,0.77,0.96,72.56,7,499,14136.42,0.78,1,0,0.65,25,0,0.16,7,51,24146.01,3,Family,10,None,1,1,0,1
b7cf6d04,Yashica Ahluwalia,+913906200633,West Bengal,Ozhukarai,Daily Wage Worker,2,Proprietorship,14503.95,Stable,13,844.25,3,0.44,1.18,55.85,5,299,1147.09,0.48,7,0,0.73,11,2,0.53,3,31,8253.83,2,Family,1,None,1,3,0,0
fa723450,Pratyush Kari,1714959107,Tamil Nadu,Dharmavaram,Food Stall Owner,5,Partnership,20787.96,Stable,16,2944.28,4,0.81,1.2,98.65,9,499,11148.74,0.73,2,0,0.47,20,0,0.17,1,28,10422.73,5,Own House,3,None,1,3,0,1
5b8573e6,Vedika Raman,08059504702,Tamil Nadu,Jodhpur,Artisan,8,Individual,41928.85,Irregular,63,891.77,18,0.89,1.04,100.0,10,699,1806.01,0.91,0,50,0.37,28,0,0.77,13,61,18972.23,8,Rented,15,Two-Wheeler,1,4,2,1
32197071,Jack Kumer,08793501614,West Bengal,Jamnagar,Tailor,1,Partnership,21334.91,Seasonal,3,320.78,1,0.57,1.29,44.42,4,299,2841.85,0.66,5,0,0.63,7,0,0.53,0,5,12443.09,1,Rented,4,None,0,0,0,0
48772d91,Samaksh Balan,07060149646,West Bengal,Kamarhati,Tailor,2,Proprietorship,8072.37,Stable,11,262.02,3,0.67,0.86,42.79,4,699,881.77,0.62,6,0,0.66,3,1,0.12,0,32,3922.38,2,Own House,4,Two-Wheeler,0,0,0,0
a1d8abcd,Rachit Pal,05347937631,West Bengal,Solapur,Transport Worker,7,Partnership,48467.78,Seasonal,51,2522.21,15,0.82,1.07,88.02,8,299,14024.46,0.85,0,0,0.34,27,0,0.32,3,112,29317.61,7,Rented,12,None,1,2,1,1
2641a3e0,Aadhya Magar,7680732102,Maharashtra,Hosur,Small Trader,4,Individual,7081.52,Seasonal,3,810.4,1,0.1,1.2,57.16,5,199,1967.33,0.16,2,0,0.62,15,1,0.55,5,64,3412.73,4,Family,4,Two-Wheeler,0,0,0,0
a1a301b0,Sneha Wason,6864818110,Uttar Pradesh,Bahraich,Tailor,1,Proprietorship,16541.55,Irregular,19,885.65,5,0.33,1.26,74.02,7,499,626.67,0.43,4,30,0.5,20,2,0.48,0,18,8088.96,1,Own House,2,None,0,0,0,0
d21d9472,Udant Basak,2549304738,West Bengal,Eluru,Domestic Worker,5,Individual,26852.51,Stable,29,816.2,8,0.76,0.93,89.58,8,199,12774.63,0.7,0,0,0.8,32,0,0.2,10,90,13064.3,5,Family,8,Two-Wheeler,1,3,1,1
c814222a,Aishani Dhillon,02522497975,Maharashtra,Durg,Street Vendor,2,Proprietorship,15295.8,Stable,79,2134.44,23,1.0,0.87,100.0,10,299,1626.76,1.0,0,30,0.87,28,1,0.28,3,34,7802.3,2,Rented,4,Two-Wheeler,1,3,0,1
f3967573,Tanveer Balakrishnan,+912623334310,Tamil Nadu,Navi Mumbai,Small Trader,5,Proprietorship,43603.83,Seasonal,49,1781.82,14,0.84,0.84,74.76,7,699,10389.46,0.74,0,0,0.43,48,0,0.07,3,29,25446.16,5,Family,9,Two-Wheeler,0,0,1,1
45c9dc1b,Mahika Pradhan,06039641816,West Bengal,Jamshedpur,Domestic Worker,8,Individual,27940.82,Seasonal,15,854.61,4,0.78,1.48,87.41,8,499,10562.97,0.74,0,30,0.35,37,1,-0.01,10,110,20298.76,8,Own House,5,Two-Wheeler,1,1,1,1
5265f30a,Umang Badal,01281500761,West Bengal,Kurnool,Tailor,9,Partnership,24733.48,Stable,74,1042.39,22,0.87,1.02,72.45,7,499,1408.17,0.92,1,0,0.49,29,0,0.64,1,107,13649.09,9,Rented,7,Two-Wheeler,1,2,0,1
353d6102,Saksham Sarna,4970849288,West Bengal,Sirsa,Construction Worker,4,Proprietorship,26080.93,Stable,57,2178.05,17,0.76,1.17,100.0,10,199,11708.3,0.67,0,30,0.4,44,0,0.38,6,64,15640.66,4,Own House,3,Two-Wheeler,1,2,0,1
5a1cd349,Sathvik Ratta,02150025760,West Bengal,Allahabad,Small Trader,7,Proprietorship,29159.9,Seasonal,45,1710.86,13,0.79,1.18,88.02,8,199,10068.84,0.71,0,0,0.61,43,0,0.79,4,133,12163.62,7,Rented,6,None,0,0,0,1
27446a3e,Pallavi Murthy,+916078955958,Uttar Pradesh,Barasat,Small Trader,3,Partnership,21770.24,Stable,25,2715.22,7,0.92,1.27,86.87,8,699,4219.91,0.84,1,100,0.39,29,1,0.54,3,45,11064.89,3,Family,6,Two-Wheeler,1,3,0,1
1ba44b29,Vinaya Tripathi,+911109055362,Uttar Pradesh,Bellary,Artisan,5,Individual,36848.33,Stable,22,848.18,6,0.97,0.97,95.09,9,499,8468.46,0.9,2,50,0.64,38,0,0.56,13,50,26844.12,5,Rented,4,None,0,0,1,1
4943fb64,Veda Karnik,06656830613,Maharashtra,Siwan,Food Stall Owner,2,Individual,20113.38,Stable,36,2130.7,10,0.9,1.48,100.0,10,199,2504.31,0.82,0,0,0.78,29,1,-0.06,5,38,9362.61,2,Family,1,Two-Wheeler,0,0,1,1
1185a955,Vedhika Tak,08693737561,Tamil Nadu,Cuttack,Small Trader,5,Proprietorship,39131.27,Seasonal,29,2501.47,8,0.73,1.3,85.55,8,699,2463.95,0.82,2,50,0.78,36,0,0.14,12,31,29658.64,5,Family,10,None,0,0,1,1
22434f01,Krisha Sarraf,+915585112404,Tamil Nadu,Sasaram,Artisan,5,Proprietorship,26992.58,Stable,44,1256.05,13,0.67,0.99,100.0,10,299,2920.08,0.75,1,0,0.58,68,0,0.11,12,29,15316.75,5,Family,3,Two-Wheeler,0,0,1,1
153309cf,Oscar Dayal,03324263609,Uttar Pradesh,Dehradun,Food Stall Owner,2,Proprietorship,35992.0,Seasonal,50,2653.78,15,0.86,1.12,96.56,9,299,11440.55,0.92,3,0,0.46,34,0,0.74,3,19,18276.91,2,Own House,5,Two-Wheeler,0,0,2,1
523e46e9,Udant Nagi,+919168208319,Maharashtra,Agra,Construction Worker,6,Proprietorship,36235.19,Stable,56,2066.96,16,1.0,1.38,100.0,10,199,8752.2,1.0,1,50,0.62,62,0,-0.16,11,104,16776.9,6,Own House,12,None,1,4,1,1
fd498a87,Maanas Purohit,05784870495,Rajasthan,Gurgaon,Daily Wage Worker,3,Individual,49875.77,Stable,40,2468.13,12,0.98,0.8,86.57,8,699,10528.45,1.0,1,0,0.33,38,0,0.37,7,36,21516.95,3,Own House,1,None,0,0,1,1
f7cf3e97,Yashodhara Bobal,3896819638,West Bengal,Rourkela,Daily Wage Worker,1,Partnership,38232.94,Seasonal,91,1580.89,27,0.53,1.21,83.22,8,499,12756.71,0.6,0,50,0.74,33,0,-0.02,2,9,29521.44,1,Rented,6,Goods Vehicle,1,3,1,1
495fcc13,Xalak Kade,03870758097,West Bengal,Yamunanagar,Farmer,9,Proprietorship,46039.43,Stable,32,2722.14,9,1.0,0.81,93.67,9,299,1242.03,0.97,2,50,0.7,34,0,0.51,4,164,26553.85,9,Rented,12,Auto,0,0,1,1
0a6c8d33,Frederick Sant,08710821863,Maharashtra,Dindigul,Farmer,1,Partnership,17915.19,Seasonal,5,861.4,1,0.75,1.47,44.62,4,199,2997.99,0.73,3,100,0.63,16,1,0.21,0,13,12583.04,1,Family,6,None,0,0,0,0
78bfeff2,Aarna Khare,+918736513687,Tamil Nadu,Mira-Bhayandar,Domestic Worker,5,Individual,24621.35,Stable,43,2737.75,12,0.73,0.95,77.91,7,499,13904.17,0.72,1,50,0.59,46,0,0.12,12,47,16346.25,5,Rented,8,Two-Wheeler,0,0,1,1
1158d23f,Zaid Balakrishnan,+911143969684,Maharashtra,Jorhat,Daily Wage Worker,6,Partnership,43732.17,Stable,25,1204.49,7,0.76,0.89,91.44,9,199,4281.18,0.8,0,50,0.57,42,0,-0.16,13,77,21027.84,6,Family,7,None,1,2,2,1
276dc470,Baghyawati Borah,09148644128,Tamil Nadu,Phusro,Street Vendor,6,Individual,40515.25,Seasonal,32,2657.76,9,0.75,1.42,74.92,7,199,1889.82,0.73,2,30,0.76,21,0,0.36,13,74,24677.56,6,Own House,12,None,0,0,0,1
59980f45,Nilima Madan,+911246233765,Tamil Nadu,Madanapalle,Transport Worker,4,Partnership,48026.56,Irregular,27,1549.32,8,0.62,0.95,100.0,10,699,4839.01,0.69,0,50,0.64,33,0,0.27,6,29,23123.85,4,Own House,10,Two-Wheeler,0,0,1,1
22a25842,Omkaar Raghavan,+916006722853,West Bengal,Kalyan-Dombivli,Daily Wage Worker,8,Partnership,15737.02,Stable,56,591.06,16,0.76,0.85,93.42,9,699,11360.25,0.86,1,0,0.3,26,1,-0.19,19,71,10299.15,8,Rented,13,Auto,1,2,0,1
9ec6e6a1,Girish Yohannan,6638007205,Tamil Nadu,Unnao,Artisan,8,Individual,36677.3,Stable,50,1080.33,15,0.94,1.17,89.1,8,199,6737.87,0.94,0,0,0.32,53,0,0.38,5,57,24263.2,8,Rented,13,Two-Wheeler,0,0,3,1
82e57b02,Raksha Pal,+913049051833,Rajasthan,Guwahati,Small Trader,4,Proprietorship,17837.08,Stable,30,2694.28,9,0.93,1.41,94.29,9,199,3383.63,0.96,1,50,0.6,27,0,0.77,3,67,8741.88,4,Own House,13,Two-Wheeler,0,0,0,1
12d2d596,Ansh Chadha,9883992143,West Bengal,Sirsa,Tailor,6,Partnership,21663.36,Seasonal,58,1416.8,17,0.84,0.92,81.76,8,299,2699.21,0.93,2,30,0.69,37,1,0.45,15,110,16635.66,6,Own House,8,Goods Vehicle,1,2,0,1
72f187d8,Pranav Uppal,+914562292060,Rajasthan,Raiganj,Domestic Worker,8,Individual,19863.6,Stable,45,1131.03,13,0.69,1.19,95.14,9,199,5918.98,0.69,0,0,0.87,25,1,0.16,5,113,11909.2,8,Rented,9,None,1,3,0,1
e19b9352,Yashodhara Ramachandran,+913610540598,West Bengal,Jehanabad,Artisan,1,Individual,41685.64,Stable,41,2878.61,12,0.76,1.06,92.62,9,699,9110.4,0.71,0,50,0.4,34,0,0.65,1,11,31734.29,1,Rented,1,None,1,4,3,1
298686b3,Jeet Vyas,09379577693,Maharashtra,Kumbakonam,Small Trader,6,Partnership,32997.95,Stable,50,1847.98,15,0.93,1.4,82.36,8,299,11525.12,0.92,0,100,0.87,50,0,0.08,7,113,17663.55,6,Own House,11,None,1,3,1,1
1e0f552c,Chandani Dar,4535259387,Maharashtra,Raebareli,Artisan,5,Proprietorship,42137.12,Seasonal,44,1210.69,13,0.53,0.83,93.35,9,699,1760.65,0.55,0,0,0.34,49,0,0.64,0,43,29342.67,5,Family,6,Auto,1,2,0,1
69c01d06,Janaki Mann,+916278427650,Maharashtra,Phagwara,Food Stall Owner,2,Proprietorship,18912.8,Stable,21,931.88,6,0.22,0.82,85.4,8,199,2139.08,0.23,4,100,0.78,9,0,0.79,2,27,14654.74,2,Rented,3,None,0,0,0,0
f8245bbd,Vasana Comar,6864786292,West Bengal,Kishanganj,Daily Wage Worker,4,Proprietorship,21361.73,Stable,14,1145.27,4,0.81,1.37,79.0,7,299,13988.44,0.83,0,50,0.32,44,0,0.3,9,35,15438.32,4,Rented,5,Auto,0,0,1,1
4956da2e,Wriddhish Garde,9855729347,Rajasthan,Mahbubnagar,Tailor,3,Partnership,21191.39,Irregular,40,2968.34,12,1.0,1.27,65.12,6,299,13230.66,1.0,0,30,0.52,26,0,0.54,5,20,13330.6,3,Own House,7,None,1,2,2,1
b49dc3d3,Samaksh Kalita,05870448847,Uttar Pradesh,Anantapur,Tailor,2,Proprietorship,19567.66,Stable,17,2779.9,5,0.71,0.86,91.63,9,499,3558.52,0.73,0,30,0.4,15,0,0.27,0,28,12136.11,2,Family,4,Two-Wheeler,1,3,0,1
c2f087c3,Janani Tiwari,+915832607980,West Bengal,Nizamabad,Artisan,6,Individual,47650.37,Irregular,45,1319.71,13,0.92,0.86,69.22,6,699,13887.5,0.89,0,100,0.47,32,0,0.26,8,100,33358.18,6,Family,13,Auto,0,0,1,1
3b3c0aaa,Bahadurjit Dhingra,08461942632,West Bengal,Chittoor,Farmer,5,Proprietorship,38605.14,Irregular,26,2684.18,7,0.48,1.28,86.01,8,499,4184.87,0.5,0,0,0.71,26,0,0.27,5,53,25325.73,5,Own House,10,Two-Wheeler,1,4,0,1
948d9d19,Diya Kanda,+919438678931,Tamil Nadu,Etawah,Small Trader,1,Partnership,16937.24,Irregular,51,855.35,15,0.68,1.3,84.99,8,499,6703.35,0.69,1,50,0.88,37,0,0.19,1,18,10595.04,1,Rented,1,None,1,4,1,1
2b1438b9,Nachiket Bal,08663661457,Tamil Nadu,Proddatur,Farmer,2,Proprietorship,11171.33,Stable,6,992.7,1,0.53,1.38,35.74,3,299,2635.55,0.54,3,0,0.36,14,1,0.46,1,32,5077.38,2,Family,2,None,0,0,0,0
97439fef,Theodore Shenoy,08298366591,West Bengal,Shimoga,Farmer,3,Proprietorship,28571.75,Irregular,22,1217.17,6,0.9,0.99,85.77,8,499,1978.07,0.86,0,50,0.43,29,0,0.26,4,54,20146.5,3,Own House,11,Two-Wheeler,1,3,1,1
cc70f527,Laksh Ramanathan,1060942777,West Bengal,Mumbai,Food Stall Owner,3,Individual,48197.6,Irregular,47,2811.31,14,0.89,1.16,94.3,9,299,1090.09,0.99,2,0,0.54,47,1,0.63,1,16,23220.61,3,Rented,6,Two-Wheeler,0,0,1,1
3e78a967,Noah Nath,0658551137,West Bengal,Aligarh,Tailor,2,Individual,49239.29,Stable,44,896.3,13,0.46,0.83,87.91,8,699,9951.41,0.41,0,30,0.48,42,0,0.59,0,39,30067.38,2,Own House,1,None,1,1,0,1
aa40aac2,Jagvi Mannan,+919131395119,Maharashtra,Ongole,Food Stall Owner,2,Proprietorship,29407.94,Stable,38,2837.49,11,0.95,1.27,88.15,8,499,9477.07,0.86,0,50,0.89,33,0,0.58,4,13,20950.17,2,Rented,5,Two-Wheeler,1,4,0,1
b4ceb0cb,Neha Bhatt,9881884941,Uttar Pradesh,Surat,Artisan,7,Partnership,42868.42,Irregular,55,814.31,16,0.78,1.38,91.38,9,299,7554.16,0.78,0,50,0.36,37,0,0.49,5,130,31521.41,7,Rented,8,Goods Vehicle,1,3,0,1
587fdba5,Darsh Bhasin,09961251939,West Bengal,South Dumdum,Transport Worker,9,Proprietorship,29074.59,Seasonal,55,1126.45,16,1.0,0.97,76.46,7,699,13323.47,1.0,0,50,0.45,55,0,0.39,21,109,20855.76,9,Rented,11,None,0,0,1,1
5221c24a,Yashasvi Bhavsar,+914344238611,Maharashtra,Madhyamgram,Daily Wage Worker,5,Partnership,18941.32,Seasonal,28,2834.97,8,0.71,0.99,82.62,8,699,6692.91,0.78,2,0,0.67,20,0,0.37,10,95,14488.25,5,Rented,5,Goods Vehicle,0,0,0,1
70ac92eb,Tanish Vig,5360923088,Uttar Pradesh,Jammu,Daily Wage Worker,6,Proprietorship,26435.94,Stable,43,1746.83,12,0.67,0.9,98.44,9,499,6805.77,0.58,1,50,0.66,37,1,0.51,5,75,18475.27,6,Rented,14,Goods Vehicle,1,2,0,1
c53b5aa9,Zarna Thaker,+912601811169,West Bengal,Amroha,Street Vendor,5,Partnership,26363.14,Stable,22,1902.03,6,0.55,1.31,96.32,9,299,5138.43,0.55,0,30,0.63,58,0,0.51,0,30,19009.72,5,Family,7,None,0,0,1,1
5a2ef924,Pratyush Khurana,9091357804,West Bengal,Bareilly,Farmer,2,Partnership,40618.53,Stable,51,2523.82,15,0.93,1.17,84.32,8,299,6935.23,0.84,1,30,0.66,28,0,0.35,1,21,25906.12,2,Rented,7,Two-Wheeler,1,3,0,1
8a7ffadd,Yash Behl,00299203276,Uttar Pradesh,Burhanpur,Domestic Worker,5,Partnership,37191.93,Seasonal,53,1347.0,15,0.7,1.07,87.0,8,299,12113.7,0.69,0,0,0.63,11,0,0.57,1,40,22346.87,5,Rented,10,None,1,2,3,1
0e77c07d,Zehaan Verma,+917995270945,Tamil Nadu,Chinsurah,Artisan,4,Individual,18776.2,Stable,44,578.57,13,0.59,0.96,100.0,10,699,8119.99,0.61,0,30,0.4,53,0,0.73,9,58,14055.57,4,Own House,4,None,1,3,1,1
f660245a,Max Gopal,6877131504,Rajasthan,Madhyamgram,Food Stall Owner,7,Proprietorship,30233.08,Stable,37,2867.11,11,0.96,1.28,89.08,8,499,12351.59,0.92,1,0,0.86,26,0,0.6,3,61,16227.49,7,Own House,9,Goods Vehicle,1,1,1,1
e7d5f6df,Ekbal Sura,1194161858,Rajasthan,Raiganj,Farmer,4,Individual,35020.15,Stable,21,2421.39,6,0.53,0.85,87.57,8,199,13368.92,0.51,1,0,0.49,40,0,-0.03,6,76,23758.09,4,Own House,3,None,0,0,0,1
3e8af692,Abhiram Pillay,+912206921954,Uttar Pradesh,Bettiah,Transport Worker,3,Individual,44300.67,Stable,49,2318.84,14,0.95,1.23,92.17,9,699,10337.52,0.93,0,0,0.37,33,0,0.65,4,36,35105.58,3,Own House,2,None,1,2,1,1
4789bedb,Xalak Sharaf,+912106855857,Tamil Nadu,Panihati,Food Stall Owner,3,Proprietorship,35354.75,Stable,30,1609.43,9,0.92,1.42,85.75,8,199,13272.59,0.89,0,0,0.6,48,0,0.38,5,17,18583.07,3,Own House,6,Two-Wheeler,1,1,0,1
fa76fc6e,Kavya Varma,6364924422,West Bengal,Eluru,Daily Wage Worker,3,Partnership,30807.36,Irregular,55,737.64,16,0.51,1.41,86.19,8,299,3886.84,0.46,0,100,0.34,24,0,0.26,7,42,22577.64,3,Family,9,Two-Wheeler,0,0,3,1
92829f17,Aarnav Prakash,05266233459,Uttar Pradesh,Nizamabad,Small Trader,2,Partnership,16167.84,Irregular,9,516.48,2,0.3,1.04,99.43,9,699,57.96,0.24,6,100,0.49,27,2,0.76,2,20,10319.49,2,Rented,4,None,0,0,0,0
d5b1383b,Saksham Balan,3243683059,Rajasthan,Latur,Transport Worker,2,Partnership,42738.25,Stable,70,869.96,21,0.76,1.12,94.55,9,299,13697.2,0.68,1,30,0.63,23,0,-0.14,4,24,17684.43,2,Rented,7,None,0,0,1,1
c1acbb1c,Bachittar Chadha,08847988046,West Bengal,Bellary,Artisan,5,Partnership,34849.5,Stable,37,1902.88,11,1.0,1.41,88.76,8,199,2869.6,1.0,1,30,0.32,26,1,0.35,10,33,18197.47,5,Family,5,None,1,4,0,1
bfadb654,Nathan Tiwari,04777799413,Tamil Nadu,Faridabad,Food Stall Owner,5,Individual,16099.76,Stable,32,2765.16,9,0.98,0.99,99.14,9,199,13287.06,0.98,0,0,0.81,30,0,0.38,1,53,8808.08,5,Rented,11,Auto,1,2,0,1
506db018,Gaurav Kapur,09628773202,Rajasthan,Navi Mumbai,Farmer,7,Partnership,24888.93,Irregular,32,2297.56,9,0.76,1.16,100.0,10,299,4485.21,0.79,1,50,0.83,21,0,-0.19,19,86,13359.73,7,Own House,9,Two-Wheeler,1,4,0,1
42cbb14e,Manbir Sandal,03098394043,West Bengal,Asansol,Construction Worker,3,Individual,48039.38,Irregular,42,2085.85,12,0.54,0.8,65.75,6,499,13121.48,0.59,0,0,0.63,35,1,0.22,6,31,35928.91,3,Rented,6,Two-Wheeler,1,3,0,1
3ab47ca2,Dakshesh Behl,0383473135,Tamil Nadu,Korba,Domestic Worker,8,Proprietorship,15213.11,Stable,55,752.35,16,0.86,1.3,97.93,9,699,2581.04,0.82,0,50,0.82,22,0,0.2,7,58,7704.94,8,Own House,10,None,0,0,1,1
66c7bc57,Chavvi Pillay,+917618339090,Maharashtra,Gaya,Artisan,2,Individual,13075.13,Stable,12,286.97,3,0.58,1.04,58.79,5,499,2244.96,0.64,5,0,0.86,18,1,0.67,0,15,7100.53,2,Family,5,None,1,3,0,0
f52dbf01,Tripti Sandal,+919058288151,Rajasthan,Tadipatri,Construction Worker,1,Individual,20578.82,Stable,39,1622.13,11,0.61,1.24,83.01,8,299,4174.62,0.55,1,0,0.87,18,0,-0.12,1,9,11465.19,1,Rented,2,Two-Wheeler,1,3,2,1
afc12757,Leela Sule,+918959437990,Tamil Nadu,Mango,Domestic Worker,10,Individual,48073.16,Seasonal,57,988.93,17,0.97,1.35,94.92,9,499,8843.38,0.97,0,30,0.53,44,0,-0.04,11,136,37459.63,10,Rented,12,None,1,2,0,1
2c1c6f5e,Unni Ahuja,06435546762,Rajasthan,Sirsa,Farmer,4,Partnership,15411.78,Irregular,45,2683.46,13,1.0,1.02,92.49,9,299,10521.54,1.0,0,30,0.56,37,0,0.78,1,75,9125.23,4,Family,3,Two-Wheeler,1,4,1,1
f799a633,Harish Krish,+911189336775,Rajasthan,Bhusawal,Artisan,5,Proprietorship,26873.42,Stable,44,772.53,13,0.69,1.28,81.89,8,499,12323.57,0.76,0,0,0.33,44,0,0.47,3,43,14039.18,5,Own House,8,None,1,2,0,1
39fa1b7a,Bimala Dhar,+915208294381,Maharashtra,Jaipur,Construction Worker,3,Proprietorship,17307.51,Irregular,54,1829.56,16,0.89,1.29,93.56,9,499,9953.87,0.92,0,0,0.49,30,0,0.36,7,25,13439.34,3,Own House,5,Two-Wheeler,1,3,0,1
cbe3332d,Kamala Hora,5558346533,Maharashtra,Agra,Farmer,3,Partnership,22655.05,Seasonal,22,2154.92,6,0.89,0.98,95.52,9,299,11651.92,0.88,1,30,0.79,53,0,0.43,7,50,12949.49,3,Rented,4,Two-Wheeler,0,0,0,1
7b02f8b3,Krishna Banerjee,+918663855774,Uttar Pradesh,Visakhapatnam,Artisan,2,Proprietorship,38787.65,Stable,59,2861.83,17,0.77,0.96,100.0,10,299,3338.48,0.74,0,0,0.41,41,0,0.58,2,11,30550.75,2,Own House,11,None,0,0,1,1
8cee9d31,Gautami Ranganathan,+914928878658,Maharashtra,Farrukhabad,Transport Worker,4,Individual,15628.53,Stable,62,686.28,18,0.88,0.82,90.11,9,199,10704.93,0.78,1,0,0.46,54,1,0.51,2,22,7508.8,4,Family,4,None,1,1,1,1
69e1867b,Yahvi Shere,01916805836,Maharashtra,Yamunanagar,Small Trader,4,Partnership,25695.18,Stable,61,1794.1,18,0.96,1.12,69.87,6,199,2603.46,0.94,2,0,0.72,48,0,0.43,11,28,14694.94,4,Rented,1,Two-Wheeler,0,0,0,1
ee15f914,Warinder Raju,01882454091,West Bengal,Jhansi,Street Vendor,3,Proprietorship,22457.98,Irregular,53,1433.89,15,0.99,1.32,91.42,9,299,6398.59,1.0,0,0,0.6,44,0,0.54,2,55,9740.48,3,Family,9,None,0,0,1,1
fd38e2de,Fiyaz Radhakrishnan,4986373654,Uttar Pradesh,Mathura,Food Stall Owner,3,Individual,41107.38,Stable,46,1433.66,13,1.0,1.31,93.61,9,299,4302.01,1.0,0,0,0.68,33,0,0.3,1,45,32740.0,3,Own House,7,Auto,1,3,0,1
5508b437,Tamanna Bandi,+912647257679,Maharashtra,Belgaum,Construction Worker,5,Individual,49700.87,Stable,43,2317.1,12,0.56,0.86,98.74,9,199,12725.43,0.59,2,30,0.66,46,0,-0.18,10,49,33101.9,5,Rented,1,None,1,3,2,1
0ee3ab5b,Aahana Shanker,+917323892765,Tamil Nadu,Hajipur,Small Trader,5,Individual,38579.56,Irregular,42,2418.75,12,0.79,1.0,70.48,7,499,12151.12,0.81,0,50,0.76,50,2,0.45,12,98,22749.04,5,Rented,8,None,1,2,0,1
ae85d359,Ekanta Kapur,1384172506,Tamil Nadu,Pallavaram,Daily Wage Worker,5,Proprietorship,30622.41,Irregular,48,1876.73,14,0.41,0.84,100.0,10,199,4617.5,0.33,0,0,0.42,38,0,0.17,7,79,13635.93,5,Own House,5,Auto,1,1,1,1
b47e0bcc,Lipika More,+919090305576,Rajasthan,Coimbatore,Farmer,6,Partnership,32702.05,Seasonal,21,544.97,6,0.95,1.13,96.8,9,199,12134.03,0.95,0,0,0.83,29,1,0.26,10,66,19099.53,6,Family,13,None,0,0,0,1
74e4e829,Wahab Gola,1520150347,West Bengal,Dindigul,Farmer,4,Individual,16169.83,Stable,27,2280.55,8,0.84,0.9,84.66,8,199,7921.19,0.79,0,0,0.51,29,1,0.63,5,74,12470.26,4,Family,6,None,1,1,1,1
c26a1785,Rachita Modi,08640925649,West Bengal,Raurkela Industrial Township,Daily Wage Worker,3,Partnership,46289.64,Stable,37,2135.73,11,0.77,1.49,78.37,7,199,9614.17,0.82,1,0,0.4,35,0,0.68,3,22,18749.29,3,Family,8,Two-Wheeler,0,0,2,1
ee69dade,Lekha D’Alia,4452537182,West Bengal,Purnia,Construction Worker,6,Individual,15216.43,Stable,47,2526.71,14,0.75,1.17,90.25,9,699,4606.85,0.67,2,50,0.89,39,0,0.65,8,84,7469.81,6,Rented,13,None,0,0,0,1
020f63ff,Ojas Deo,+912014179626,West Bengal,Bally,Construction Worker,3,Partnership,48102.18,Stable,50,831.44,15,0.69,1.23,98.65,9,699,14070.3,0.72,1,50,0.88,32,0,0.69,2,52,29213.87,3,Family,1,Two-Wheeler,1,2,1,1
302330a1,Nisha Mani,0093866363,Uttar Pradesh,Ghaziabad,Tailor,9,Individual,33130.54,Stable,44,2295.17,13,0.78,1.24,100.0,10,199,4262.27,0.8,0,100,0.45,51,0,0.67,18,105,19717.97,9,Family,8,None,1,3,1,1
44705c04,Pahal Tailor,8957929332,West Bengal,Serampore,Small Trader,3,Individual,40604.67,Stable,57,1430.3,17,0.69,1.2,90.39,9,299,3537.16,0.61,0,30,0.54,48,1,-0.07,1,57,30528.24,3,Rented,3,Two-Wheeler,1,1,3,1
b04457f5,Aarush Kala,05758233070,Uttar Pradesh,Vasai-Virar,Construction Worker,3,Partnership,43810.63,Irregular,46,1011.15,13,0.95,1.42,81.4,8,199,9313.23,0.93,0,30,0.8,32,0,0.13,6,49,28996.51,3,Rented,2,Two-Wheeler,0,0,1,1
a6222133,Vedhika Dayal,+919432399358,Rajasthan,Karimnagar,Artisan,5,Partnership,36554.79,Irregular,50,2502.37,15,0.94,1.26,97.49,9,499,2799.0,0.88,2,100,0.43,41,1,0.18,0,71,19542.98,5,Rented,8,Goods Vehicle,1,1,1,1
5216141c,David Gopal,00161513923,Rajasthan,Ramgarh,Small Trader,4,Proprietorship,16974.05,Stable,40,2670.74,12,0.7,0.81,78.39,7,299,14873.81,0.68,0,100,0.37,21,0,0.03,4,65,10743.9,4,Own House,7,Two-Wheeler,1,4,1,1
20249708,Lajita Kar,6112388654,Rajasthan,Karimnagar,Small Trader,3,Proprietorship,41781.68,Seasonal,43,2753.44,12,0.92,1.24,86.36,8,299,13164.61,0.89,1,100,0.53,25,0,0.35,5,39,24140.11,3,Rented,8,Two-Wheeler,1,3,0,1
7a4b2120,Unni Nayar,+912800854602,Uttar Pradesh,Madurai,Farmer,6,Partnership,18229.42,Stable,29,2323.79,8,1.0,0.83,78.85,7,699,6220.27,0.96,0,30,0.8,38,0,0.68,16,39,8230.56,6,Family,10,None,0,0,0,1
6cb47970,Lajita Grover,05939004234,Tamil Nadu,Guna,Artisan,1,Partnership,38645.54,Seasonal,62,2665.09,18,0.8,1.04,92.77,9,499,7765.25,0.77,0,0,0.44,16,0,0.62,1,17,15467.46,1,Own House,1,Two-Wheeler,1,1,1,1
733c11a6,Yasti Bahri,1530293593,Tamil Nadu,Anantapur,Small Trader,4,Individual,29625.94,Seasonal,63,611.27,18,0.74,0.93,72.17,7,499,2637.76,0.74,2,0,0.52,26,0,0.33,7,67,15890.96,4,Rented,4,None,0,0,0,1
91f8848d,Triveni Nair,9793114274,Maharashtra,South Dumdum,Street Vendor,4,Partnership,46479.44,Seasonal,22,833.84,6,0.98,1.4,85.88,8,299,14572.87,0.94,1,50,0.58,44,0,0.59,7,59,37150.08,4,Rented,1,None,1,1,0,1
b6ac636b,Harish Taneja,2802454519,West Bengal,Srinagar,Small Trader,3,Partnership,14326.06,Seasonal,10,274.13,3,0.63,1.29,36.42,3,699,2118.64,0.58,5,30,0.55,6,1,0.53,7,57,9217.41,3,Family,5,Two-Wheeler,1,2,0,0
cea7da30,Waida Sehgal,2849100551,Uttar Pradesh,Alappuzha,Construction Worker,2,Proprietorship,49632.69,Seasonal,49,856.39,14,0.82,0.82,99.78,9,199,2074.61,0.72,0,0,0.36,57,0,0.76,3,31,26114.01,2,Rented,3,Two-Wheeler,0,0,0,1
672fd719,Arya Char,+918330316727,Tamil Nadu,Sasaram,Street Vendor,4,Proprietorship,38761.42,Irregular,53,2643.27,15,1.0,1.29,80.93,8,699,13398.68,1.0,2,0,0.82,24,0,0.0,1,37,23746.45,4,Rented,7,None,0,0,1,1
855850cc,Nandini Chokshi,+915211490267,Tamil Nadu,Jabalpur,Street Vendor,3,Individual,33988.7,Stable,42,2654.36,12,0.59,1.42,94.65,9,699,6379.35,0.56,3,0,0.32,31,0,0.19,4,38,15847.28,3,Family,3,Two-Wheeler,0,0,0,1
a0aa0005,Mahika Kala,+910506164881,Tamil Nadu,Amaravati,Construction Worker,1,Partnership,25322.59,Irregular,38,927.76,11,0.54,1.45,93.86,9,199,2192.81,0.45,1,100,0.35,51,0,0.31,0,7,18336.63,1,Own House,2,None,1,2,2,1
71917adf,Rajeshri Nagy,09617930019,Rajasthan,Fatehpur,Construction Worker,4,Proprietorship,37053.26,Stable,32,2571.63,9,0.69,1.27,98.99,9,199,14172.32,0.62,1,50,0.87,44,0,-0.18,11,25,26891.58,4,Own House,3,Two-Wheeler,1,2,0,1
129348f7,Shravya Bora,+917258977997,Maharashtra,Hosur,Farmer,1,Individual,35466.81,Seasonal,75,1500.75,22,0.66,1.22,95.61,9,499,10751.02,0.57,1,100,0.51,41,0,0.15,0,13,21768.45,1,Own House,5,None,1,2,0,1
10fbcc6a,Balveer Bandi,07261626990,Tamil Nadu,Bahraich,Artisan,3,Individual,17381.31,Stable,55,1292.26,16,0.81,1.02,72.54,7,499,11888.19,0.83,1,0,0.31,52,0,0.21,2,46,12279.86,3,Family,7,None,0,0,1,1
c3075399,Ishanvi Manda,03592005841,Uttar Pradesh,Vijayanagaram,Artisan,8,Partnership,38856.48,Seasonal,26,1740.09,7,0.68,1.1,79.57,7,699,14113.07,0.74,2,0,0.74,29,0,-0.07,6,109,29019.83,8,Rented,11,None,0,0,0,1
292cd6c4,Lila Varghese,06728411416,Rajasthan,Davanagere,Food Stall Owner,5,Proprietorship,40446.99,Irregular,56,1905.18,16,0.8,0.82,96.69,9,699,6327.25,0.72,1,0,0.67,27,1,0.64,1,66,24285.79,5,Rented,7,None,0,0,0,1
5a666508,Udant Sidhu,00129786166,Uttar Pradesh,Lucknow,Artisan,4,Partnership,40301.36,Stable,51,2552.15,15,0.84,1.17,100.0,10,199,7672.67,0.87,0,100,0.6,43,0,0.73,3,55,22072.74,4,Family,12,None,1,1,1,1
7c07a9e0,Jairaj Brar,+913953286452,Tamil Nadu,Kumbakonam,Food Stall Owner,6,Proprietorship,32625.19,Stable,52,1259.3,15,0.97,1.15,87.3,8,299,1795.77,0.96,0,0,0.55,39,1,0.56,4,49,15156.58,6,Own House,10,None,0,0,1,1
7afae5eb,Amaira Samra,1702816316,Maharashtra,Dindigul,Construction Worker,5,Individual,41666.74,Seasonal,42,1793.1,12,0.86,0.87,100.0,10,199,9343.84,0.79,0,100,0.44,37,1,0.78,7,35,18321.74,5,Rented,13,None,1,1,2,1
52236739,Vrinda Sankar,+915406593614,Rajasthan,Farrukhabad,Tailor,6,Partnership,47473.35,Stable,45,535.2,13,0.49,1.04,87.25,8,499,3478.61,0.45,0,50,0.64,45,0,-0.1,16,42,23259.98,6,Own House,10,Two-Wheeler,0,0,1,1
6abad3a4,Gautam Wable,02685053551,Tamil Nadu,Kavali,Construction Worker,5,Proprietorship,32943.37,Stable,65,1233.72,19,0.78,1.41,96.71,9,199,2219.3,0.81,0,30,0.57,37,0,0.73,2,54,22794.97,5,Rented,8,None,1,3,1,1
30cffc28,Ansh Mander,9530442303,Uttar Pradesh,Nangloi Jat,Small Trader,5,Partnership,43224.13,Stable,34,1648.1,10,0.7,1.41,82.01,8,299,3305.89,0.64,2,30,0.87,18,0,0.36,11,66,26842.42,5,Rented,6,None,1,2,0,1
ea0759a2,Akshay Ram,05023743394,West Bengal,Thane,Artisan,7,Individual,15503.77,Stable,34,790.18,10,0.87,1.1,97.75,9,499,7638.43,0.78,0,100,0.83,20,0,0.06,0,133,9308.71,7,Own House,14,Two-Wheeler,0,0,0,1
0fb8ae68,Dhruv Mane,01826028324,Uttar Pradesh,Munger,Small Trader,3,Partnership,16822.53,Seasonal,28,1088.91,8,0.79,1.27,88.43,8,199,8284.53,0.75,2,0,0.35,29,0,0.31,8,55,7782.3,3,Rented,3,Auto,1,4,1,1
727fbd00,Robert Bala,4246762274,Rajasthan,Thane,Tailor,6,Individual,46482.95,Stable,47,2161.06,14,0.87,1.18,100.0,10,199,14462.58,0.88,0,30,0.34,51,1,0.18,7,42,20498.91,6,Own House,8,None,1,2,1,1
6213ab1c,Veda Halder,+910326075163,Uttar Pradesh,Vijayawada,Tailor,5,Proprietorship,45117.9,Stable,66,1951.55,19,0.78,1.02,83.03,8,299,12639.83,0.78,2,0,0.4,15,0,0.59,14,26,30662.62,5,Rented,2,None,1,3,1,1
3e0ddb19,Avi Karan,4385547962,West Bengal,Udupi,Transport Worker,5,Partnership,38268.0,Seasonal,36,1950.1,10,0.77,1.17,85.02,8,499,9872.75,0.81,1,30,0.8,26,0,-0.19,4,25,16776.8,5,Rented,7,None,1,2,1,1
5d20cddc,Chakradhar Baral,4754593158,Uttar Pradesh,Dindigul,Construction Worker,1,Proprietorship,45802.77,Seasonal,51,1310.83,15,1.0,0.84,100.0,10,699,14917.95,0.92,0,100,0.41,59,0,0.49,0,13,20092.33,1,Family,8,Two-Wheeler,1,4,1,1
365c2440,Champak Dhillon,+919751802945,Maharashtra,Loni,Tailor,3,Partnership,19137.78,Stable,64,1051.27,19,0.73,1.38,83.21,8,699,14574.62,0.83,0,100,0.51,48,0,0.43,1,21,14836.1,3,Own House,10,None,1,4,1,1
0bdd953a,Krishna Dewan,09135266172,Maharashtra,Karaikudi,Construction Worker,7,Proprietorship,16940.15,Stable,77,2836.35,23,1.0,1.34,93.98,9,499,13716.86,0.96,1,0,0.4,64,0,0.25,4,107,12720.77,7,Own House,9,None,1,2,1,1
71ceea24,Frado Andra,+914995663075,Uttar Pradesh,Dindigul,Food Stall Owner,1,Partnership,43554.93,Stable,59,2506.41,17,0.71,0.98,88.13,8,199,3338.78,0.65,1,0,0.69,19,0,0.68,1,13,33433.43,1,Rented,2,None,1,3,1,1
be3bdeeb,Kashvi Mittal,8561238427,Rajasthan,Etawah,Artisan,1,Partnership,20773.73,Seasonal,19,416.3,5,0.56,0.85,44.29,4,499,716.96,0.58,4,100,0.58,11,0,0.08,1,11,13160.19,1,Rented,4,Two-Wheeler,0,0,0,0
82d1e246,Anamika Nadkarni,07260507946,West Bengal,Gaya,Street Vendor,4,Individual,42905.34,Irregular,30,874.79,9,0.91,1.04,80.78,8,499,11080.51,1.0,2,0,0.87,16,0,-0.05,7,50,27656.0,4,Own House,6,Two-Wheeler,1,3,2,1
eedd9728,Daksha Gupta,1164999244,West Bengal,Katni,Domestic Worker,7,Proprietorship,40982.18,Stable,51,2219.71,15,0.98,1.27,96.87,9,699,8338.23,0.91,0,30,0.9,38,0,0.17,9,110,30920.17,7,Rented,11,Goods Vehicle,0,0,1,1
7535e65d,Jalsa Samra,1648089256,West Bengal,Saharanpur,Street Vendor,4,Proprietorship,40211.3,Stable,24,1823.59,7,0.56,1.42,80.45,8,699,9545.51,0.49,1,0,0.87,35,0,-0.12,11,41,29671.26,4,Rented,1,None,0,0,1,1
faf625da,Arunima Bhatia,+917521650414,West Bengal,Naihati,Food Stall Owner,5,Partnership,41478.87,Seasonal,52,933.49,15,0.65,0.81,90.43,9,499,10519.6,0.63,2,50,0.34,26,0,0.25,3,67,27368.47,5,Own House,6,None,0,0,1,1
c325cf83,Banjeet Devi,5695791978,West Bengal,Coimbatore,Transport Worker,9,Individual,34756.05,Seasonal,65,1446.93,19,0.91,0.81,87.11,8,199,9505.77,0.84,0,50,0.81,41,0,-0.11,21,52,25612.62,9,Own House,11,None,1,3,0,1
56d0663d,Karan Yohannan,3378792249,Uttar Pradesh,Chandrapur,Street Vendor,6,Proprietorship,20422.96,Seasonal,46,2833.19,13,0.98,0.98,96.07,9,699,1070.36,0.91,1,50,0.35,32,0,-0.14,6,94,12701.5,6,Rented,2,Two-Wheeler,0,0,0,1
25e76be3,Oeshi Mutti,0991385061,West Bengal,Sasaram,Domestic Worker,4,Individual,29643.63,Stable,76,1394.53,22,1.0,1.32,100.0,10,699,3260.41,0.95,3,0,0.33,19,0,0.5,3,64,16747.5,4,Own House,6,Two-Wheeler,0,0,0,1
4036ec61,Kevin Kanda,+914695532701,Rajasthan,Hubli–Dharwad,Transport Worker,1,Partnership,21163.36,Stable,16,483.61,4,0.46,1.47,67.3,6,199,296.62,0.46,4,30,0.84,9,1,0.21,0,17,9940.68,1,Own House,2,None,0,0,0,0
b5d6aa0d,Chakradhar Mitter,09097969341,Uttar Pradesh,Nellore,Transport Worker,4,Proprietorship,24776.88,Seasonal,16,1423.48,4,0.52,0.97,97.86,9,699,11122.8,0.58,0,30,0.35,32,0,0.06,1,26,11883.1,4,Rented,3,None,1,3,5,1
f6c1a665,Tarak Varughese,+910606829134,Rajasthan,Morbi,Street Vendor,6,Individual,33687.5,Stable,42,1989.87,12,0.63,1.25,100.0,10,699,8114.29,0.56,0,0,0.43,49,0,0.12,4,80,14933.35,6,Own House,7,Two-Wheeler,0,0,1,1
34055aca,Aishani Keer,+916573235335,West Bengal,Bhilwara,Construction Worker,4,Proprietorship,30606.03,Stable,60,934.91,18,0.94,1.37,100.0,10,199,1989.75,0.91,0,50,0.66,9,0,0.69,4,56,19955.36,4,Family,6,Two-Wheeler,0,0,1,1
394ced72,Owen Doctor,09317337137,Uttar Pradesh,Visakhapatnam,Food Stall Owner,4,Partnership,22959.76,Stable,48,928.31,14,0.96,1.4,100.0,10,299,10009.73,1.0,0,100,0.82,8,0,0.58,11,34,14482.64,4,Own House,8,None,1,2,0,1
bf4b2eb0,Balhaar Tak,5236890732,Tamil Nadu,Bhilai,Artisan,4,Partnership,21305.55,Irregular,64,563.37,19,0.63,0.9,78.9,7,699,1780.37,0.64,2,100,0.81,43,0,0.2,2,68,11443.97,4,Family,5,None,1,3,0,1
dae379c5,Hema Gara,+917160867211,West Bengal,Moradabad,Transport Worker,8,Individual,27790.8,Seasonal,16,2840.37,4,0.82,0.86,86.02,8,299,13477.96,0.88,0,0,0.74,48,0,-0.1,17,121,20353.12,8,Rented,6,None,0,0,1,1
e057a86d,Yamini Mitra,09573283884,Rajasthan,Jehanabad,Small Trader,1,Proprietorship,23453.63,Seasonal,7,733.86,2,0.55,1.28,70.91,7,699,1683.36,0.45,3,30,0.64,7,0,0.05,2,6,15844.86,1,Rented,4,Two-Wheeler,0,0,0,0
26ec4d14,Jatin Badal,9834184784,Uttar Pradesh,Bidhannagar,Daily Wage Worker,3,Proprietorship,15501.03,Seasonal,57,2344.67,17,0.88,1.39,97.16,9,299,2999.9,0.8,1,0,0.73,50,0,0.08,6,16,8098.59,3,Rented,11,None,1,3,1,1
dd34188e,Yatan Khurana,06100002060,West Bengal,Tirunelveli,Artisan,4,Partnership,9638.02,Seasonal,5,203.18,1,0.1,1.2,45.02,4,699,2659.69,0.03,5,0,0.82,7,2,0.2,4,30,5332.01,4,Rented,4,None,0,0,0,0
c8d963d1,Yauvani Bhavsar,07784356915,West Bengal,Purnia,Construction Worker,8,Individual,16142.6,Stable,37,2776.69,11,0.84,1.35,78.8,7,499,5771.42,0.78,0,50,0.36,31,0,0.18,11,118,12594.66,8,Rented,11,None,0,0,0,1
5f24678d,Keya Prashad,1391463763,Maharashtra,Kadapa,Small Trader,7,Partnership,47867.37,Irregular,63,1504.83,18,0.7,0.88,100.0,10,299,13231.48,0.66,0,0,0.48,14,0,0.03,0,36,38058.82,7,Rented,11,None,1,1,0,1
c843ebdd,Nirja Nayar,+913169169758,Rajasthan,Ulhasnagar,Food Stall Owner,5,Proprietorship,35294.2,Stable,52,833.67,15,0.66,1.27,80.59,8,199,1650.07,0.74,0,0,0.42,23,2,0.41,1,54,24188.13,5,Own House,9,None,1,4,0,1
7a8cc0ec,Shaurya Karan,5794237349,Rajasthan,Karimnagar,Daily Wage Worker,5,Proprietorship,44868.85,Stable,38,2785.85,11,0.87,0.93,87.38,8,299,5489.28,0.85,0,100,0.41,16,0,0.19,7,51,23703.53,5,Family,7,None,0,0,1,1
fd9825f6,Zayyan Toor,+911384397205,West Bengal,Bidhannagar,Tailor,2,Individual,18785.43,Irregular,44,2605.27,13,0.57,0.86,100.0,10,499,3684.31,0.63,3,30,0.46,41,0,0.63,4,33,8409.16,2,Family,2,None,1,2,2,1
90a603c3,Siddharth Kurian,06997060770,Maharashtra,Kollam,Small Trader,7,Proprietorship,34825.53,Seasonal,25,1679.39,7,1.0,1.08,89.68,8,299,2228.82,1.0,1,0,0.38,30,1,0.28,16,62,20627.66,7,Rented,8,None,1,4,1,1
57eddc8e,Fiyaz Loyal,05493237147,Tamil Nadu,Jalgaon,Street Vendor,3,Individual,23112.43,Stable,54,694.1,16,0.76,1.09,85.25,8,499,8302.39,0.78,2,100,0.58,38,0,0.21,6,32,13769.24,3,Own House,1,None,1,4,1,1
f18a03ba,Tanvi Mishra,7665313794,Tamil Nadu,Bhavnagar,Farmer,2,Individual,43200.01,Stable,28,711.72,8,0.7,1.07,74.81,7,199,12772.72,0.66,0,30,0.31,20,0,0.48,0,22,27677.07,2,Own House,5,Two-Wheeler,1,2,0,1
98dcf9e6,Pavani Wali,0965455008,Uttar Pradesh,Ghaziabad,Domestic Worker,4,Individual,34543.46,Irregular,42,2612.38,12,0.91,0.99,80.0,8,199,14138.55,0.82,3,0,0.67,31,0,0.33,1,46,27627.93,4,Own House,4,None,1,2,0,1
c74612df,Amara Raghavan,+913270914923,Tamil Nadu,Aurangabad,Tailor,4,Partnership,46661.18,Irregular,50,1351.67,15,0.92,1.21,87.66,8,299,8421.62,0.91,0,50,0.72,26,0,0.68,5,42,23352.21,4,Own House,8,Two-Wheeler,0,0,0,1
4a4168d9,Lakshit Madan,6436309321,Uttar Pradesh,Arrah,Small Trader,6,Proprietorship,39838.5,Stable,49,1204.56,14,0.72,1.1,89.02,8,199,9482.56,0.82,0,50,0.53,35,0,0.69,16,60,25736.78,6,Rented,8,None,0,0,0,1
2755653e,Vaishnavi Joshi,2492419829,Tamil Nadu,Amaravati,Construction Worker,5,Partnership,26872.12,Stable,43,1306.71,12,0.95,0.81,93.99,9,199,9528.74,1.0,0,0,0.66,2,1,0.54,8,30,12000.5,5,Own House,2,None,1,3,1,1
8ae995aa,Abha Rama,3360406966,Rajasthan,Ambala,Farmer,8,Partnership,35100.07,Irregular,40,2168.03,12,0.87,1.14,93.69,9,699,5394.26,0.9,2,50,0.59,21,0,0.64,8,143,19751.58,8,Family,8,None,0,0,1,1
fdeaeadc,Ekiya Bhatt,01733984833,Uttar Pradesh,Pimpri-Chinchwad,Transport Worker,4,Partnership,19775.39,Seasonal,32,1570.5,9,1.0,0.86,99.76,9,199,14877.58,1.0,2,0,0.49,55,0,0.03,4,24,12016.0,4,Own House,5,None,1,3,1,1
6dfc3c3f,Maya Sachdeva,08905146988,Maharashtra,Aligarh,Food Stall Owner,2,Proprietorship,26623.48,Irregular,63,1058.16,18,0.68,1.18,99.56,9,699,8953.3,0.73,2,0,0.47,59,0,0.01,0,36,18211.9,2,Rented,6,None,1,3,1,1
705ffab2,Xavier Bhardwaj,04056299461,Tamil Nadu,Rohtak,Farmer,6,Individual,26453.76,Stable,39,1224.34,11,0.7,0.81,85.56,8,699,9141.43,0.63,0,0,0.36,31,0,-0.15,7,86,19475.82,6,Rented,4,None,1,3,0,1
52bea25c,Nitara Barad,05388152938,Uttar Pradesh,Jorhat,Small Trader,5,Proprietorship,24093.13,Irregular,46,2085.01,13,1.0,1.24,92.14,9,299,2497.73,1.0,1,50,0.4,34,0,0.57,14,37,17067.42,5,Rented,6,Auto,0,0,2,1
91651601,Veer Kaur,6927205615,West Bengal,Agra,Farmer,5,Proprietorship,26348.78,Stable,15,777.59,4,0.56,1.05,86.27,8,199,13729.25,0.58,2,30,0.78,58,0,0.72,14,25,17102.9,5,Rented,10,Two-Wheeler,1,2,1,1
ee5080b1,Bhavna Kumer,+914443974691,Maharashtra,Bokaro,Food Stall Owner,1,Partnership,20976.61,Stable,64,1067.09,19,0.54,1.14,100.0,10,699,8208.99,0.58,1,100,0.66,30,0,-0.11,1,6,16439.25,1,Own House,5,None,1,3,0,1
a2c0a232,Veer Chanda,+919578992972,Maharashtra,Ghaziabad,Tailor,5,Proprietorship,36470.59,Stable,24,594.85,7,0.62,0.81,82.76,8,499,11353.05,0.62,0,50,0.42,41,0,0.08,11,60,19217.87,5,Own House,8,Goods Vehicle,0,0,0,1
200dadf4,Faras Amble,+912414799716,Rajasthan,Durg,Domestic Worker,2,Proprietorship,27555.99,Stable,44,1714.71,13,0.83,0.93,98.14,9,499,12211.45,0.77,1,0,0.85,31,0,0.14,5,25,17983.53,2,Family,11,None,0,0,2,1
9a75d88e,Shivani Bansal,9168293623,West Bengal,Satara,Small Trader,4,Individual,25079.25,Stable,35,2735.27,10,0.77,0.98,89.31,8,299,3484.04,0.72,2,0,0.38,1,2,0.26,9,69,14160.39,4,Family,3,None,1,2,0,1
6cea238c,Ayush Dhar,+914064501036,Tamil Nadu,Vellore,Domestic Worker,1,Partnership,38711.57,Stable,49,2396.25,14,0.68,1.22,100.0,10,199,10274.78,0.71,0,50,0.81,30,0,0.34,2,9,21910.3,1,Own House,1,Two-Wheeler,1,4,0,1
80b351be,Harita Zachariah,9321439883,Uttar Pradesh,Berhampur,Transport Worker,8,Individual,37868.42,Irregular,35,2049.04,10,0.66,1.18,91.61,9,699,5905.79,0.69,3,30,0.49,43,1,0.14,1,93,19101.57,8,Family,8,None,1,3,0,1
e1032027,Mitesh Patla,+919244709532,Rajasthan,Nagpur,Daily Wage Worker,8,Proprietorship,34556.81,Seasonal,63,1132.0,18,0.72,1.24,100.0,10,299,9025.12,0.77,0,50,0.53,63,1,0.03,6,106,16580.43,8,Rented,11,Auto,1,2,3,1
4cb9a92d,Zaid Pillai,06683863931,Tamil Nadu,Aligarh,Daily Wage Worker,1,Proprietorship,37198.51,Stable,26,1364.87,7,0.86,1.38,85.69,8,299,5677.91,0.81,0,0,0.72,29,1,0.39,2,6,25156.62,1,Own House,6,None,0,0,0,1
e230a69d,Keya Chhabra,1105350957,Uttar Pradesh,Ghaziabad,Small Trader,4,Individual,45723.17,Stable,18,2121.61,5,0.8,0.81,96.87,9,499,7655.83,0.88,1,0,0.66,47,0,0.72,0,29,32723.96,4,Family,2,None,0,0,1,1
